strategy,type,abbreviation,params,status,doc_id,input_file,number_of_chunks,empty_chunks,characters_min,characters_p25,characters_median,characters_mean,characters_p75,characters_max,characters_std,characters_total,small_chunk_threshold,small_chunks,small_chunks_percentage,characters_original,characters_ratio,execution_time_seconds,ram_before_mb,ram_after_mb,ram_increase_mb
content_density_adaptive_chunking,ContentDensityAdaptiveChunker,CDAC,"{""base_chunk_size"": 1200}",completed,GUIDELINE - Byrne et al. - 2025 - CARCSACI Practice Guidance for Contrast Media Hypersensitivity,GUIDELINE - Byrne et al. - 2025 - CARCSACI Practice Guidance for Contrast Media Hypersensitivity.md,139,0,55,550.0,593.0,635.73,693.0,2078,209.53,88366,400,9,6.47,88611,0.997,0.104269,2121.43,2121.43,0.0
dynamic_token_size_chunking,DynamicTokenSizeChunker,DFC,"{""min_chunk_size"": 150, ""max_chunk_size"": 500}",completed,GUIDELINE - Byrne et al. - 2025 - CARCSACI Practice Guidance for Contrast Media Hypersensitivity,GUIDELINE - Byrne et al. - 2025 - CARCSACI Practice Guidance for Contrast Media Hypersensitivity.md,48,0,367,1505.0,1877.5,1845.21,2218.75,2621,422.41,88570,400,1,2.08,88611,1.0,0.016085,2121.43,2121.43,0.0
fixed_character_chunking,FixedCharacterChunker,FCC,"{""chunk_size"": 2000, ""overlap"": 200}",completed,GUIDELINE - Byrne et al. - 2025 - CARCSACI Practice Guidance for Contrast Media Hypersensitivity,GUIDELINE - Byrne et al. - 2025 - CARCSACI Practice Guidance for Contrast Media Hypersensitivity.md,50,0,411,1999.0,2000.0,1967.82,2000.0,2000,222.4,98391,400,0,0.0,88611,1.11,0.000225,1081.07,1081.11,0.05
fixed_token_chunking,FixedTokenChunker,FC,"{""chunk_size"": 500, ""overlap"": 75}",completed,GUIDELINE - Byrne et al. - 2025 - CARCSACI Practice Guidance for Contrast Media Hypersensitivity,GUIDELINE - Byrne et al. - 2025 - CARCSACI Practice Guidance for Contrast Media Hypersensitivity.md,55,0,343,1499.5,1949.0,1891.42,2239.5,2599,449.54,104028,400,1,1.82,88611,1.174,0.283553,1120.26,1120.27,0.01
length_aware_chunking,LengthAwareChunker,LAC,"{""target_length"": 1800, ""tolerance"": 200}",completed,GUIDELINE - Byrne et al. - 2025 - CARCSACI Practice Guidance for Contrast Media Hypersensitivity,GUIDELINE - Byrne et al. - 2025 - CARCSACI Practice Guidance for Contrast Media Hypersensitivity.md,48,0,1046,1825.0,1940.5,1842.85,1973.0,2078,231.84,88457,400,0,0.0,88611,0.998,0.020099,2183.05,2183.05,0.0
llm_boundary_detection_chunking,LLMBoundaryDetectionChunker,LBDC,"{""max_chars"": 2000, ""overlap"": 200}",completed,GUIDELINE - Byrne et al. - 2025 - CARCSACI Practice Guidance for Contrast Media Hypersensitivity,GUIDELINE - Byrne et al. - 2025 - CARCSACI Practice Guidance for Contrast Media Hypersensitivity.md,47,0,1325,2047.0,2144.0,2070.28,2182.5,2197,177.79,97303,400,0,0.0,88611,1.098,0.037243,2390.95,2390.95,0.0
llm_segment_then_chunk,LLMSegmentThenChunker,LSTC,"{""max_chars"": 2000, ""overlap"": 200, ""llm_refine_threshold"": 1500}",completed,GUIDELINE - Byrne et al. - 2025 - CARCSACI Practice Guidance for Contrast Media Hypersensitivity,GUIDELINE - Byrne et al. - 2025 - CARCSACI Practice Guidance for Contrast Media Hypersensitivity.md,303,0,29,125.0,222.0,398.54,490.5,2121,429.14,120759,400,213,70.3,88611,1.363,0.019376,2390.99,2390.99,0.0
overlapping_token_chunking,OverlappingTokenChunker,OFC,"{""chunk_size"": 500, ""overlap_size"": 75}",completed,GUIDELINE - Byrne et al. - 2025 - CARCSACI Practice Guidance for Contrast Media Hypersensitivity,GUIDELINE - Byrne et al. - 2025 - CARCSACI Practice Guidance for Contrast Media Hypersensitivity.md,55,0,343,1499.5,1949.0,1891.42,2239.5,2599,449.54,104028,400,1,1.82,88611,1.174,0.013632,1121.39,1121.39,0.0
paragraph_based_chunking,ParagraphBasedChunker,PBC,{},completed,GUIDELINE - Byrne et al. - 2025 - CARCSACI Practice Guidance for Contrast Media Hypersensitivity,GUIDELINE - Byrne et al. - 2025 - CARCSACI Practice Guidance for Contrast Media Hypersensitivity.md,300,0,2,35.0,90.5,293.29,344.0,3389,466.89,87987,400,232,77.33,88611,0.993,0.00106,1126.2,1126.2,0.0
paragraph_group_chunking,ParagraphGroupChunker,PGC,"{""paragraphs_per_chunk"": 2, ""overlap"": 1}",completed,GUIDELINE - Byrne et al. - 2025 - CARCSACI Practice Guidance for Contrast Media Hypersensitivity,GUIDELINE - Byrne et al. - 2025 - CARCSACI Practice Guidance for Contrast Media Hypersensitivity.md,300,0,29,125.0,300.0,588.26,834.75,6684,731.24,176477,400,172,57.33,88611,1.992,0.001427,1126.2,1126.2,0.0
parent_child_chunking,ParentChildChunker,PCC,"{""parent_chunk_size"": 2000, ""child_chunk_size"": 700, ""chunk_overlap"": 100}",completed,GUIDELINE - Byrne et al. - 2025 - CARCSACI Practice Guidance for Contrast Media Hypersensitivity,GUIDELINE - Byrne et al. - 2025 - CARCSACI Practice Guidance for Contrast Media Hypersensitivity.md,258,0,9,345.75,593.0,697.27,689.25,1995,551.87,179895,400,76,29.46,88611,2.03,0.003711,1126.2,1126.2,0.0
recursive_chunking,RecursiveChunker,RC,"{""chunk_size"": 2000, ""chunk_overlap"": 200}",completed,GUIDELINE - Byrne et al. - 2025 - CARCSACI Practice Guidance for Contrast Media Hypersensitivity,GUIDELINE - Byrne et al. - 2025 - CARCSACI Practice Guidance for Contrast Media Hypersensitivity.md,56,0,713,1399.0,1740.5,1629.86,1905.75,1984,335.86,91272,400,0,0.0,88611,1.03,0.001362,1126.2,1126.2,0.0
recursive_token_fallback_chunking,RecursiveTokenChunker,RTF,"{""chunk_size"": 500, ""chunk_overlap"": 75}",completed,GUIDELINE - Byrne et al. - 2025 - CARCSACI Practice Guidance for Contrast Media Hypersensitivity,GUIDELINE - Byrne et al. - 2025 - CARCSACI Practice Guidance for Contrast Media Hypersensitivity.md,64,0,249,1110.5,1483.0,1483.8,1945.25,2497,572.98,94963,400,4,6.25,88611,1.072,0.059822,1126.2,1126.2,0.0
semantic_boundary_detection,SemanticBoundaryChunker,SBDC,"{""breakpoint_threshold_amount"": 80.0, ""buffer_size"": 1}",completed,GUIDELINE - Byrne et al. - 2025 - CARCSACI Practice Guidance for Contrast Media Hypersensitivity,GUIDELINE - Byrne et al. - 2025 - CARCSACI Practice Guidance for Contrast Media Hypersensitivity.md,181,0,10,20.0,181.0,487.98,231.0,29539,2414.43,88324,400,166,91.71,88611,0.997,23.336851,1915.25,2146.79,231.55
semantic_embedding_based_chunking,SemanticEmbeddingChunker,SEBC,"{""breakpoint_threshold_amount"": 80.0}",completed,GUIDELINE - Byrne et al. - 2025 - CARCSACI Practice Guidance for Contrast Media Hypersensitivity,GUIDELINE - Byrne et al. - 2025 - CARCSACI Practice Guidance for Contrast Media Hypersensitivity.md,181,0,15,40.0,161.0,487.98,215.0,42809,3263.84,88324,400,171,94.48,88611,0.997,25.334938,1150.86,1412.38,261.52
semantic_similarity_threshold_chunking,SemanticSimilarityThresholdChunker,SSTC,"{""threshold"": 0.6}",completed,GUIDELINE - Byrne et al. - 2025 - CARCSACI Practice Guidance for Contrast Media Hypersensitivity,GUIDELINE - Byrne et al. - 2025 - CARCSACI Practice Guidance for Contrast Media Hypersensitivity.md,685,0,2,32.0,61.0,128.2,129.0,2712,227.73,87820,400,644,94.01,88611,0.991,10.860076,1491.37,1568.05,76.69
semantic_variance_adaptive_chunking,SemanticVarianceAdaptiveChunker,SVAC,"{""sensitivity"": 0.2, ""window_size"": 5}",completed,GUIDELINE - Byrne et al. - 2025 - CARCSACI Practice Guidance for Contrast Media Hypersensitivity,GUIDELINE - Byrne et al. - 2025 - CARCSACI Practice Guidance for Contrast Media Hypersensitivity.md,88,0,4,126.5,487.0,1004.74,1437.0,5982,1207.1,88417,400,39,44.32,88611,0.998,11.325711,2123.93,2157.74,33.82
sentence_based_chunking,SentenceBasedChunker,SBC,{},completed,GUIDELINE - Byrne et al. - 2025 - CARCSACI Practice Guidance for Contrast Media Hypersensitivity,GUIDELINE - Byrne et al. - 2025 - CARCSACI Practice Guidance for Contrast Media Hypersensitivity.md,732,0,2,32.0,63.0,119.91,134.0,2078,174.66,87773,400,694,94.81,88611,0.991,0.051984,1121.39,1125.0,3.61
sentence_group_chunking,SentenceGroupChunker,SGC,"{""sentences_per_chunk"": 10, ""overlap"": 2}",completed,GUIDELINE - Byrne et al. - 2025 - CARCSACI Practice Guidance for Contrast Media Hypersensitivity,GUIDELINE - Byrne et al. - 2025 - CARCSACI Practice Guidance for Contrast Media Hypersensitivity.md,92,0,343,546.0,664.5,1191.53,1236.0,5631,1075.9,109621,400,1,1.09,88611,1.237,0.022032,1126.17,1126.17,0.0
sliding_window_token_chunking,SlidingWindowTokenChunker,SWC,"{""window_size"": 500, ""step_size"": 75}",completed,GUIDELINE - Byrne et al. - 2025 - CARCSACI Practice Guidance for Contrast Media Hypersensitivity,GUIDELINE - Byrne et al. - 2025 - CARCSACI Practice Guidance for Contrast Media Hypersensitivity.md,308,0,165,1509.5,1927.0,1900.2,2267.75,2656,436.48,585261,400,2,0.65,88611,6.605,0.02062,1120.29,1120.3,0.01
topic_based_chunking,TopicBasedChunker,TBC,"{""distance_threshold"": 0.4}",completed,GUIDELINE - Byrne et al. - 2025 - CARCSACI Practice Guidance for Contrast Media Hypersensitivity,GUIDELINE - Byrne et al. - 2025 - CARCSACI Practice Guidance for Contrast Media Hypersensitivity.md,709,0,2,32.0,61.0,123.83,130.0,2078,198.25,87796,400,670,94.5,88611,0.991,0.807649,1645.23,1891.27,246.04
content_density_adaptive_chunking,ContentDensityAdaptiveChunker,CDAC,"{""base_chunk_size"": 1200}",completed,GUIDELINE - Cardona et al. - 2020 - World Allergy Organization Anaphylaxis Guidance 2020,GUIDELINE - Cardona et al. - 2020 - World Allergy Organization Anaphylaxis Guidance 2020.md,130,0,85,549.5,596.0,648.02,681.5,2638,286.11,84243,400,9,6.92,84448,0.998,0.099596,2121.43,2121.43,0.0
dynamic_token_size_chunking,DynamicTokenSizeChunker,DFC,"{""min_chunk_size"": 150, ""max_chunk_size"": 500}",completed,GUIDELINE - Cardona et al. - 2020 - World Allergy Organization Anaphylaxis Guidance 2020,GUIDELINE - Cardona et al. - 2020 - World Allergy Organization Anaphylaxis Guidance 2020.md,44,0,1069,1567.0,1991.0,1918.14,2184.0,2648,359.15,84398,400,0,0.0,84448,0.999,0.0132,2121.43,2121.43,0.0
fixed_character_chunking,FixedCharacterChunker,FCC,"{""chunk_size"": 2000, ""overlap"": 200}",completed,GUIDELINE - Cardona et al. - 2020 - World Allergy Organization Anaphylaxis Guidance 2020,GUIDELINE - Cardona et al. - 2020 - World Allergy Organization Anaphylaxis Guidance 2020.md,47,0,1648,2000.0,2000.0,1992.28,2000.0,2000,50.76,93637,400,0,0.0,84448,1.109,0.000194,1081.48,1081.48,0.0
fixed_token_chunking,FixedTokenChunker,FC,"{""chunk_size"": 500, ""overlap"": 75}",completed,GUIDELINE - Cardona et al. - 2020 - World Allergy Organization Anaphylaxis Guidance 2020,GUIDELINE - Cardona et al. - 2020 - World Allergy Organization Anaphylaxis Guidance 2020.md,50,0,1195,1577.5,2119.5,1980.6,2288.0,2661,389.74,99030,400,0,0.0,84448,1.173,0.016791,1120.27,1120.27,0.0
length_aware_chunking,LengthAwareChunker,LAC,"{""target_length"": 1800, ""tolerance"": 200}",completed,GUIDELINE - Cardona et al. - 2020 - World Allergy Organization Anaphylaxis Guidance 2020,GUIDELINE - Cardona et al. - 2020 - World Allergy Organization Anaphylaxis Guidance 2020.md,47,0,832,1743.5,1922.0,1794.26,1967.0,2638,327.21,84330,400,0,0.0,84448,0.999,0.021123,2183.05,2183.05,0.0
llm_boundary_detection_chunking,LLMBoundaryDetectionChunker,LBDC,"{""max_chars"": 2000, ""overlap"": 200}",completed,GUIDELINE - Cardona et al. - 2020 - World Allergy Organization Anaphylaxis Guidance 2020,GUIDELINE - Cardona et al. - 2020 - World Allergy Organization Anaphylaxis Guidance 2020.md,47,0,856,1963.0,2089.0,1983.09,2164.0,2196,306.74,93205,400,0,0.0,84448,1.104,0.026398,2390.95,2390.95,0.0
llm_segment_then_chunk,LLMSegmentThenChunker,LSTC,"{""max_chars"": 2000, ""overlap"": 200, ""llm_refine_threshold"": 1500}",completed,GUIDELINE - Cardona et al. - 2020 - World Allergy Organization Anaphylaxis Guidance 2020,GUIDELINE - Cardona et al. - 2020 - World Allergy Organization Anaphylaxis Guidance 2020.md,200,0,48,261.75,390.5,573.05,751.5,2171,457.02,114610,400,101,50.5,84448,1.357,0.039124,2390.99,2390.99,0.0
overlapping_token_chunking,OverlappingTokenChunker,OFC,"{""chunk_size"": 500, ""overlap_size"": 75}",completed,GUIDELINE - Cardona et al. - 2020 - World Allergy Organization Anaphylaxis Guidance 2020,GUIDELINE - Cardona et al. - 2020 - World Allergy Organization Anaphylaxis Guidance 2020.md,50,0,1195,1577.5,2119.5,1980.6,2288.0,2661,389.74,99030,400,0,0.0,84448,1.173,0.012148,1121.39,1121.39,0.0
paragraph_based_chunking,ParagraphBasedChunker,PBC,{},completed,GUIDELINE - Cardona et al. - 2020 - World Allergy Organization Anaphylaxis Guidance 2020,GUIDELINE - Cardona et al. - 2020 - World Allergy Organization Anaphylaxis Guidance 2020.md,193,0,10,87.0,235.0,435.47,549.0,3099,583.97,84046,400,130,67.36,84448,0.995,0.00066,1126.2,1126.2,0.0
paragraph_group_chunking,ParagraphGroupChunker,PGC,"{""paragraphs_per_chunk"": 2, ""overlap"": 1}",completed,GUIDELINE - Cardona et al. - 2020 - World Allergy Organization Anaphylaxis Guidance 2020,GUIDELINE - Cardona et al. - 2020 - World Allergy Organization Anaphylaxis Guidance 2020.md,193,0,45,342.0,593.0,872.36,1029.0,6164,1029.24,168366,400,65,33.68,84448,1.994,0.000922,1126.2,1126.2,0.0
parent_child_chunking,ParentChildChunker,PCC,"{""parent_chunk_size"": 2000, ""child_chunk_size"": 700, ""chunk_overlap"": 100}",completed,GUIDELINE - Cardona et al. - 2020 - World Allergy Organization Anaphylaxis Guidance 2020,GUIDELINE - Cardona et al. - 2020 - World Allergy Organization Anaphylaxis Guidance 2020.md,242,0,10,380.25,573.0,707.13,686.0,1998,542.0,171125,400,65,26.86,84448,2.026,0.003979,1126.2,1126.2,0.0
recursive_chunking,RecursiveChunker,RC,"{""chunk_size"": 2000, ""chunk_overlap"": 200}",completed,GUIDELINE - Cardona et al. - 2020 - World Allergy Organization Anaphylaxis Guidance 2020,GUIDELINE - Cardona et al. - 2020 - World Allergy Organization Anaphylaxis Guidance 2020.md,53,0,677,1330.0,1792.0,1629.4,1916.0,1998,356.53,86358,400,0,0.0,84448,1.023,0.000864,1126.2,1126.2,0.0
recursive_token_fallback_chunking,RecursiveTokenChunker,RTF,"{""chunk_size"": 500, ""chunk_overlap"": 75}",completed,GUIDELINE - Cardona et al. - 2020 - World Allergy Organization Anaphylaxis Guidance 2020,GUIDELINE - Cardona et al. - 2020 - World Allergy Organization Anaphylaxis Guidance 2020.md,57,0,45,1348.0,1596.0,1584.42,2077.0,2595,598.54,90312,400,2,3.51,84448,1.069,0.055693,1126.2,1126.2,0.0
semantic_boundary_detection,SemanticBoundaryChunker,SBDC,"{""breakpoint_threshold_amount"": 80.0, ""buffer_size"": 1}",completed,GUIDELINE - Cardona et al. - 2020 - World Allergy Organization Anaphylaxis Guidance 2020,GUIDELINE - Cardona et al. - 2020 - World Allergy Organization Anaphylaxis Guidance 2020.md,202,0,5,33.0,148.5,416.71,185.75,24272,2014.06,84175,400,192,95.05,84448,0.997,21.63176,2146.79,2064.91,-81.88
semantic_embedding_based_chunking,SemanticEmbeddingChunker,SEBC,"{""breakpoint_threshold_amount"": 80.0}",completed,GUIDELINE - Cardona et al. - 2020 - World Allergy Organization Anaphylaxis Guidance 2020,GUIDELINE - Cardona et al. - 2020 - World Allergy Organization Anaphylaxis Guidance 2020.md,202,0,3,21.25,138.0,416.71,189.0,52003,3651.96,84175,400,195,96.53,84448,0.997,20.13458,1412.38,1381.0,-31.38
semantic_similarity_threshold_chunking,SemanticSimilarityThresholdChunker,SSTC,"{""threshold"": 0.6}",completed,GUIDELINE - Cardona et al. - 2020 - World Allergy Organization Anaphylaxis Guidance 2020,GUIDELINE - Cardona et al. - 2020 - World Allergy Organization Anaphylaxis Guidance 2020.md,859,0,2,14.0,33.0,97.23,88.0,2638,227.38,83518,400,818,95.23,84448,0.989,9.29065,1568.07,1554.17,-13.9
semantic_variance_adaptive_chunking,SemanticVarianceAdaptiveChunker,SVAC,"{""sensitivity"": 0.2, ""window_size"": 5}",completed,GUIDELINE - Cardona et al. - 2020 - World Allergy Organization Anaphylaxis Guidance 2020,GUIDELINE - Cardona et al. - 2020 - World Allergy Organization Anaphylaxis Guidance 2020.md,88,0,2,156.75,520.5,957.83,1542.25,5623,1083.83,84289,400,39,44.32,84448,0.998,9.783636,2157.74,2179.3,21.56
sentence_based_chunking,SentenceBasedChunker,SBC,{},completed,GUIDELINE - Cardona et al. - 2020 - World Allergy Organization Anaphylaxis Guidance 2020,GUIDELINE - Cardona et al. - 2020 - World Allergy Organization Anaphylaxis Guidance 2020.md,911,0,2,15.0,35.0,91.62,95.0,2638,185.51,83466,400,872,95.72,84448,0.988,0.023696,1125.18,1125.82,0.64
sentence_group_chunking,SentenceGroupChunker,SGC,"{""sentences_per_chunk"": 10, ""overlap"": 2}",completed,GUIDELINE - Cardona et al. - 2020 - World Allergy Organization Anaphylaxis Guidance 2020,GUIDELINE - Cardona et al. - 2020 - World Allergy Organization Anaphylaxis Guidance 2020.md,114,0,206,330.5,405.5,936.39,978.5,5950,1140.13,106749,400,56,49.12,84448,1.264,0.023283,1126.17,1126.17,0.0
sliding_window_token_chunking,SlidingWindowTokenChunker,SWC,"{""window_size"": 500, ""step_size"": 75}",completed,GUIDELINE - Cardona et al. - 2020 - World Allergy Organization Anaphylaxis Guidance 2020,GUIDELINE - Cardona et al. - 2020 - World Allergy Organization Anaphylaxis Guidance 2020.md,283,0,121,1571.5,2103.0,1969.4,2284.0,2756,418.5,557340,400,1,0.35,84448,6.6,0.022446,1120.3,1121.23,0.93
topic_based_chunking,TopicBasedChunker,TBC,"{""distance_threshold"": 0.4}",completed,GUIDELINE - Cardona et al. - 2020 - World Allergy Organization Anaphylaxis Guidance 2020,GUIDELINE - Cardona et al. - 2020 - World Allergy Organization Anaphylaxis Guidance 2020.md,900,0,2,14.0,33.0,92.75,91.25,2638,204.15,83477,400,862,95.78,84448,0.989,0.5878,1891.27,1910.67,19.41
content_density_adaptive_chunking,ContentDensityAdaptiveChunker,CDAC,"{""base_chunk_size"": 1200}",completed,GUIDELINE - Leech et al. - 2021 - BSACI 2021 guideline for the management of egg allergy,GUIDELINE - Leech et al. - 2021 - BSACI 2021 guideline for the management of egg allergy.md,142,0,95,550.5,598.5,635.51,661.75,1779,219.26,90243,400,11,7.75,90456,0.998,0.104771,2121.43,2121.43,0.0
dynamic_token_size_chunking,DynamicTokenSizeChunker,DFC,"{""min_chunk_size"": 150, ""max_chunk_size"": 500}",completed,GUIDELINE - Leech et al. - 2021 - BSACI 2021 guideline for the management of egg allergy,GUIDELINE - Leech et al. - 2021 - BSACI 2021 guideline for the management of egg allergy.md,47,0,710,1630.5,2020.0,1923.79,2209.0,2523,368.56,90418,400,0,0.0,90456,1.0,0.014156,2121.43,2121.43,0.0
fixed_character_chunking,FixedCharacterChunker,FCC,"{""chunk_size"": 2000, ""overlap"": 200}",completed,GUIDELINE - Leech et al. - 2021 - BSACI 2021 guideline for the management of egg allergy,GUIDELINE - Leech et al. - 2021 - BSACI 2021 guideline for the management of egg allergy.md,51,0,456,2000.0,2000.0,1969.51,2000.0,2000,214.04,100445,400,0,0.0,90456,1.11,0.000964,1081.48,1081.48,0.0
fixed_token_chunking,FixedTokenChunker,FC,"{""chunk_size"": 500, ""overlap"": 75}",completed,GUIDELINE - Leech et al. - 2021 - BSACI 2021 guideline for the management of egg allergy,GUIDELINE - Leech et al. - 2021 - BSACI 2021 guideline for the management of egg allergy.md,54,0,37,1643.75,2108.0,1959.44,2278.5,2610,435.09,105810,400,1,1.85,90456,1.17,0.017686,1120.27,1120.28,0.01
length_aware_chunking,LengthAwareChunker,LAC,"{""target_length"": 1800, ""tolerance"": 200}",completed,GUIDELINE - Leech et al. - 2021 - BSACI 2021 guideline for the management of egg allergy,GUIDELINE - Leech et al. - 2021 - BSACI 2021 guideline for the management of egg allergy.md,49,0,1318,1812.0,1900.0,1843.59,1955.0,1996,161.77,90336,400,0,0.0,90456,0.999,0.021294,2183.05,2183.05,0.0
llm_boundary_detection_chunking,LLMBoundaryDetectionChunker,LBDC,"{""max_chars"": 2000, ""overlap"": 200}",completed,GUIDELINE - Leech et al. - 2021 - BSACI 2021 guideline for the management of egg allergy,GUIDELINE - Leech et al. - 2021 - BSACI 2021 guideline for the management of egg allergy.md,49,0,886,1954.0,2102.0,2028.37,2159.0,2195,215.12,99390,400,0,0.0,90456,1.099,0.027018,2390.95,2390.95,0.0
llm_segment_then_chunk,LLMSegmentThenChunker,LSTC,"{""max_chars"": 2000, ""overlap"": 200, ""llm_refine_threshold"": 1500}",completed,GUIDELINE - Leech et al. - 2021 - BSACI 2021 guideline for the management of egg allergy,GUIDELINE - Leech et al. - 2021 - BSACI 2021 guideline for the management of egg allergy.md,234,0,39,219.0,370.0,521.56,621.75,2183,474.14,122044,400,121,51.71,90456,1.349,0.036465,2390.99,2390.99,0.0
overlapping_token_chunking,OverlappingTokenChunker,OFC,"{""chunk_size"": 500, ""overlap_size"": 75}",completed,GUIDELINE - Leech et al. - 2021 - BSACI 2021 guideline for the management of egg allergy,GUIDELINE - Leech et al. - 2021 - BSACI 2021 guideline for the management of egg allergy.md,54,0,37,1643.75,2108.0,1959.44,2278.5,2610,435.09,105810,400,1,1.85,90456,1.17,0.014434,1121.39,1121.39,0.0
paragraph_based_chunking,ParagraphBasedChunker,PBC,{},completed,GUIDELINE - Leech et al. - 2021 - BSACI 2021 guideline for the management of egg allergy,GUIDELINE - Leech et al. - 2021 - BSACI 2021 guideline for the management of egg allergy.md,226,0,9,56.0,199.0,398.13,448.5,4485,661.48,89978,400,158,69.91,90456,0.995,0.000894,1126.2,1126.2,0.0
paragraph_group_chunking,ParagraphGroupChunker,PGC,"{""paragraphs_per_chunk"": 2, ""overlap"": 1}",completed,GUIDELINE - Leech et al. - 2021 - BSACI 2021 guideline for the management of egg allergy,GUIDELINE - Leech et al. - 2021 - BSACI 2021 guideline for the management of egg allergy.md,226,0,39,240.0,543.0,797.95,920.0,7574,1040.38,180337,400,90,39.82,90456,1.994,0.001052,1126.2,1126.2,0.0
parent_child_chunking,ParentChildChunker,PCC,"{""parent_chunk_size"": 2000, ""child_chunk_size"": 700, ""chunk_overlap"": 100}",completed,GUIDELINE - Leech et al. - 2021 - BSACI 2021 guideline for the management of egg allergy,GUIDELINE - Leech et al. - 2021 - BSACI 2021 guideline for the management of egg allergy.md,266,0,5,356.5,572.5,690.15,688.0,1968,537.3,183581,400,73,27.44,90456,2.03,0.004295,1126.2,1126.2,0.0
recursive_chunking,RecursiveChunker,RC,"{""chunk_size"": 2000, ""chunk_overlap"": 200}",completed,GUIDELINE - Leech et al. - 2021 - BSACI 2021 guideline for the management of egg allergy,GUIDELINE - Leech et al. - 2021 - BSACI 2021 guideline for the management of egg allergy.md,60,0,5,1496.75,1728.5,1547.83,1847.0,1986,474.33,92870,400,4,6.67,90456,1.027,0.001168,1126.2,1126.2,0.0
recursive_token_fallback_chunking,RecursiveTokenChunker,RTF,"{""chunk_size"": 500, ""chunk_overlap"": 75}",completed,GUIDELINE - Leech et al. - 2021 - BSACI 2021 guideline for the management of egg allergy,GUIDELINE - Leech et al. - 2021 - BSACI 2021 guideline for the management of egg allergy.md,61,0,5,1305.0,1560.0,1566.18,2035.0,2371,554.57,95537,400,3,4.92,90456,1.056,0.074292,1126.2,1126.2,0.0
semantic_boundary_detection,SemanticBoundaryChunker,SBDC,"{""breakpoint_threshold_amount"": 80.0, ""buffer_size"": 1}",completed,GUIDELINE - Leech et al. - 2021 - BSACI 2021 guideline for the management of egg allergy,GUIDELINE - Leech et al. - 2021 - BSACI 2021 guideline for the management of egg allergy.md,192,0,5,27.75,152.5,469.76,194.0,43066,3239.08,90193,400,183,95.31,90456,0.997,23.096257,2064.91,2088.16,23.25
semantic_embedding_based_chunking,SemanticEmbeddingChunker,SEBC,"{""breakpoint_threshold_amount"": 80.0}",completed,GUIDELINE - Leech et al. - 2021 - BSACI 2021 guideline for the management of egg allergy,GUIDELINE - Leech et al. - 2021 - BSACI 2021 guideline for the management of egg allergy.md,192,0,3,6.0,156.0,469.76,204.25,54160,3935.31,90193,400,181,94.27,90456,0.997,24.309011,1381.0,1428.2,47.2
semantic_similarity_threshold_chunking,SemanticSimilarityThresholdChunker,SSTC,"{""threshold"": 0.6}",completed,GUIDELINE - Leech et al. - 2021 - BSACI 2021 guideline for the management of egg allergy,GUIDELINE - Leech et al. - 2021 - BSACI 2021 guideline for the management of egg allergy.md,823,0,3,17.0,32.0,108.82,105.0,3381,252.7,89562,400,776,94.29,90456,0.99,10.999075,1554.17,1555.43,1.26
semantic_variance_adaptive_chunking,SemanticVarianceAdaptiveChunker,SVAC,"{""sensitivity"": 0.2, ""window_size"": 5}",completed,GUIDELINE - Leech et al. - 2021 - BSACI 2021 guideline for the management of egg allergy,GUIDELINE - Leech et al. - 2021 - BSACI 2021 guideline for the management of egg allergy.md,85,0,4,127.0,542.0,1062.35,1518.0,7022,1339.69,90300,400,41,48.24,90456,0.998,9.179298,2179.3,2197.43,18.12
sentence_based_chunking,SentenceBasedChunker,SBC,{},completed,GUIDELINE - Leech et al. - 2021 - BSACI 2021 guideline for the management of egg allergy,GUIDELINE - Leech et al. - 2021 - BSACI 2021 guideline for the management of egg allergy.md,890,0,3,18.0,37.5,100.56,117.0,1779,174.79,89495,400,845,94.94,90456,0.989,0.023725,1125.82,1126.15,0.33
sentence_group_chunking,SentenceGroupChunker,SGC,"{""sentences_per_chunk"": 10, ""overlap"": 2}",completed,GUIDELINE - Leech et al. - 2021 - BSACI 2021 guideline for the management of egg allergy,GUIDELINE - Leech et al. - 2021 - BSACI 2021 guideline for the management of egg allergy.md,112,0,208,385.25,462.0,992.21,1483.75,5552,1017.53,111128,400,42,37.5,90456,1.229,0.022432,1126.17,1126.18,0.0
sliding_window_token_chunking,SlidingWindowTokenChunker,SWC,"{""window_size"": 500, ""step_size"": 75}",completed,GUIDELINE - Leech et al. - 2021 - BSACI 2021 guideline for the management of egg allergy,GUIDELINE - Leech et al. - 2021 - BSACI 2021 guideline for the management of egg allergy.md,301,0,130,1633.0,2112.0,1984.77,2306.0,2625,392.17,597415,400,2,0.66,90456,6.604,0.020228,1121.23,1121.39,0.16
topic_based_chunking,TopicBasedChunker,TBC,"{""distance_threshold"": 0.4}",completed,GUIDELINE - Leech et al. - 2021 - BSACI 2021 guideline for the management of egg allergy,GUIDELINE - Leech et al. - 2021 - BSACI 2021 guideline for the management of egg allergy.md,863,0,3,17.0,33.0,103.73,106.0,3186,225.33,89522,400,819,94.9,90456,0.99,0.585757,1910.67,1911.54,0.86
content_density_adaptive_chunking,ContentDensityAdaptiveChunker,CDAC,"{""base_chunk_size"": 1200}",completed,GUIDELINE - Leonardi et al. - 2019 - Management of ocular allergy,GUIDELINE - Leonardi et al. - 2019 - Management of ocular allergy.md,115,0,23,550.0,597.0,717.52,680.5,4174,468.57,82515,400,5,4.35,82701,0.998,0.087052,2121.43,2121.43,0.0
dynamic_token_size_chunking,DynamicTokenSizeChunker,DFC,"{""min_chunk_size"": 150, ""max_chunk_size"": 500}",completed,GUIDELINE - Leonardi et al. - 2019 - Management of ocular allergy,GUIDELINE - Leonardi et al. - 2019 - Management of ocular allergy.md,48,0,937,1428.0,1578.5,1722.0,2036.0,2568,385.13,82656,400,0,0.0,82701,0.999,0.014447,2121.43,2121.43,0.0
fixed_character_chunking,FixedCharacterChunker,FCC,"{""chunk_size"": 2000, ""overlap"": 200}",completed,GUIDELINE - Leonardi et al. - 2019 - Management of ocular allergy,GUIDELINE - Leonardi et al. - 2019 - Management of ocular allergy.md,46,0,1701,1999.25,2000.0,1993.22,2000.0,2000,43.56,91688,400,0,0.0,82701,1.109,0.000233,1081.48,1081.48,0.0
fixed_token_chunking,FixedTokenChunker,FC,"{""chunk_size"": 500, ""overlap"": 75}",completed,GUIDELINE - Leonardi et al. - 2019 - Management of ocular allergy,GUIDELINE - Leonardi et al. - 2019 - Management of ocular allergy.md,54,0,635,1525.5,1678.5,1799.83,2114.0,2526,377.65,97191,400,0,0.0,82701,1.175,0.014293,1120.28,1120.29,0.0
length_aware_chunking,LengthAwareChunker,LAC,"{""target_length"": 1800, ""tolerance"": 200}",completed,GUIDELINE - Leonardi et al. - 2019 - Management of ocular allergy,GUIDELINE - Leonardi et al. - 2019 - Management of ocular allergy.md,46,0,794,1735.25,1892.0,1795.46,1953.75,4174,499.96,82591,400,0,0.0,82701,0.999,0.015527,2183.05,2183.05,0.0
llm_boundary_detection_chunking,LLMBoundaryDetectionChunker,LBDC,"{""max_chars"": 2000, ""overlap"": 200}",completed,GUIDELINE - Leonardi et al. - 2019 - Management of ocular allergy,GUIDELINE - Leonardi et al. - 2019 - Management of ocular allergy.md,48,0,210,1985.0,2090.0,1906.12,2156.25,2199,470.88,91494,400,1,2.08,82701,1.106,0.0189,2390.95,2390.95,0.0
llm_segment_then_chunk,LLMSegmentThenChunker,LSTC,"{""max_chars"": 2000, ""overlap"": 200, ""llm_refine_threshold"": 1500}",completed,GUIDELINE - Leonardi et al. - 2019 - Management of ocular allergy,GUIDELINE - Leonardi et al. - 2019 - Management of ocular allergy.md,216,0,13,87.0,217.0,485.81,667.0,2140,551.8,104935,400,141,65.28,82701,1.269,0.02699,2390.99,2390.99,0.0
overlapping_token_chunking,OverlappingTokenChunker,OFC,"{""chunk_size"": 500, ""overlap_size"": 75}",completed,GUIDELINE - Leonardi et al. - 2019 - Management of ocular allergy,GUIDELINE - Leonardi et al. - 2019 - Management of ocular allergy.md,54,0,635,1525.5,1678.5,1799.83,2114.0,2526,377.65,97191,400,0,0.0,82701,1.175,0.024781,1121.39,1121.39,0.0
paragraph_based_chunking,ParagraphBasedChunker,PBC,{},completed,GUIDELINE - Leonardi et al. - 2019 - Management of ocular allergy,GUIDELINE - Leonardi et al. - 2019 - Management of ocular allergy.md,205,0,3,18.0,57.0,401.26,464.0,3624,700.22,82259,400,152,74.15,82701,0.995,0.000783,1126.2,1126.2,0.0
paragraph_group_chunking,ParagraphGroupChunker,PGC,"{""paragraphs_per_chunk"": 2, ""overlap"": 1}",completed,GUIDELINE - Leonardi et al. - 2019 - Management of ocular allergy,GUIDELINE - Leonardi et al. - 2019 - Management of ocular allergy.md,205,0,13,87.0,381.0,804.37,1249.0,3642,928.1,164896,400,104,50.73,82701,1.994,0.001139,1126.2,1126.2,0.0
parent_child_chunking,ParentChildChunker,PCC,"{""parent_chunk_size"": 2000, ""child_chunk_size"": 700, ""chunk_overlap"": 100}",completed,GUIDELINE - Leonardi et al. - 2019 - Management of ocular allergy,GUIDELINE - Leonardi et al. - 2019 - Management of ocular allergy.md,273,0,16,240.0,543.0,617.77,687.0,1992,530.72,168652,400,101,37.0,82701,2.039,0.004243,1126.2,1126.2,0.0
recursive_chunking,RecursiveChunker,RC,"{""chunk_size"": 2000, ""chunk_overlap"": 200}",completed,GUIDELINE - Leonardi et al. - 2019 - Management of ocular allergy,GUIDELINE - Leonardi et al. - 2019 - Management of ocular allergy.md,62,0,16,945.25,1597.0,1357.48,1789.0,1992,590.54,84164,400,6,9.68,82701,1.018,0.00091,1126.2,1126.2,0.0
recursive_token_fallback_chunking,RecursiveTokenChunker,RTF,"{""chunk_size"": 500, ""chunk_overlap"": 75}",completed,GUIDELINE - Leonardi et al. - 2019 - Management of ocular allergy,GUIDELINE - Leonardi et al. - 2019 - Management of ocular allergy.md,77,0,16,676.0,1250.0,1128.18,1613.0,2291,632.75,86870,400,15,19.48,82701,1.05,0.060776,1126.2,1126.2,0.0
semantic_boundary_detection,SemanticBoundaryChunker,SBDC,"{""breakpoint_threshold_amount"": 80.0, ""buffer_size"": 1}",completed,GUIDELINE - Leonardi et al. - 2019 - Management of ocular allergy,GUIDELINE - Leonardi et al. - 2019 - Management of ocular allergy.md,140,0,7,20.0,160.0,589.26,207.5,27640,3297.51,82497,400,133,95.0,82701,0.998,18.037044,2088.16,2107.24,19.08
semantic_embedding_based_chunking,SemanticEmbeddingChunker,SEBC,"{""breakpoint_threshold_amount"": 80.0}",completed,GUIDELINE - Leonardi et al. - 2019 - Management of ocular allergy,GUIDELINE - Leonardi et al. - 2019 - Management of ocular allergy.md,140,0,4,9.5,156.0,589.26,205.75,27605,3307.07,82497,400,134,95.71,82701,0.998,17.346065,1428.2,1440.45,12.25
semantic_similarity_threshold_chunking,SemanticSimilarityThresholdChunker,SSTC,"{""threshold"": 0.6}",completed,GUIDELINE - Leonardi et al. - 2019 - Management of ocular allergy,GUIDELINE - Leonardi et al. - 2019 - Management of ocular allergy.md,622,0,2,17.0,60.5,131.86,130.0,7767,463.52,82015,400,597,95.98,82701,0.992,7.932533,1555.45,1574.73,19.29
semantic_variance_adaptive_chunking,SemanticVarianceAdaptiveChunker,SVAC,"{""sensitivity"": 0.2, ""window_size"": 5}",completed,GUIDELINE - Leonardi et al. - 2019 - Management of ocular allergy,GUIDELINE - Leonardi et al. - 2019 - Management of ocular allergy.md,80,0,2,182.75,490.0,1031.96,1041.0,18058,2212.24,82557,400,35,43.75,82701,0.998,8.827446,2197.43,2179.68,-17.75
sentence_based_chunking,SentenceBasedChunker,SBC,{},completed,GUIDELINE - Leonardi et al. - 2019 - Management of ocular allergy,GUIDELINE - Leonardi et al. - 2019 - Management of ocular allergy.md,659,0,2,17.0,68.0,124.4,136.5,4174,278.15,81978,400,632,95.9,82701,0.991,0.016077,1126.15,1126.16,0.0
sentence_group_chunking,SentenceGroupChunker,SGC,"{""sentences_per_chunk"": 10, ""overlap"": 2}",completed,GUIDELINE - Leonardi et al. - 2019 - Management of ocular allergy,GUIDELINE - Leonardi et al. - 2019 - Management of ocular allergy.md,83,0,288,421.5,527.0,1219.35,1449.0,11850,1742.99,101206,400,17,20.48,82701,1.224,0.015942,1126.18,1126.18,0.0
sliding_window_token_chunking,SlidingWindowTokenChunker,SWC,"{""window_size"": 500, ""step_size"": 75}",completed,GUIDELINE - Leonardi et al. - 2019 - Management of ocular allergy,GUIDELINE - Leonardi et al. - 2019 - Management of ocular allergy.md,303,0,159,1514.5,1665.0,1799.5,2122.0,2650,379.33,545248,400,1,0.33,82701,6.593,0.01979,1121.39,1121.39,0.0
topic_based_chunking,TopicBasedChunker,TBC,"{""distance_threshold"": 0.4}",completed,GUIDELINE - Leonardi et al. - 2019 - Management of ocular allergy,GUIDELINE - Leonardi et al. - 2019 - Management of ocular allergy.md,630,0,2,17.0,63.5,130.17,135.0,5204,358.97,82007,400,603,95.71,82701,0.992,0.430232,1911.54,1912.09,0.54
content_density_adaptive_chunking,ContentDensityAdaptiveChunker,CDAC,"{""base_chunk_size"": 1200}",completed,GUIDELINE - Russell et al. - 2023 - The Need for Required Stock Epinephrine in All Schools A Work Group Report,GUIDELINE - Russell et al. - 2023 - The Need for Required Stock Epinephrine in All Schools A Work Group Report.md,143,0,70,544.5,586.0,609.38,666.5,2097,212.43,87141,400,13,9.09,87356,0.998,0.099588,2121.43,2121.43,0.0
dynamic_token_size_chunking,DynamicTokenSizeChunker,DFC,"{""min_chunk_size"": 150, ""max_chunk_size"": 500}",completed,GUIDELINE - Russell et al. - 2023 - The Need for Required Stock Epinephrine in All Schools A Work Group Report,GUIDELINE - Russell et al. - 2023 - The Need for Required Stock Epinephrine in All Schools A Work Group Report.md,41,0,156,1707.0,2298.0,2129.78,2525.0,2881,529.52,87321,400,1,2.44,87356,1.0,0.015676,2121.43,2121.43,0.0
fixed_character_chunking,FixedCharacterChunker,FCC,"{""chunk_size"": 2000, ""overlap"": 200}",completed,GUIDELINE - Russell et al. - 2023 - The Need for Required Stock Epinephrine in All Schools A Work Group Report,GUIDELINE - Russell et al. - 2023 - The Need for Required Stock Epinephrine in All Schools A Work Group Report.md,49,0,956,1999.0,2000.0,1978.39,2000.0,2000,147.57,96941,400,0,0.0,87356,1.11,0.000203,1081.49,1081.49,0.0
fixed_token_chunking,FixedTokenChunker,FC,"{""chunk_size"": 500, ""overlap"": 75}",completed,GUIDELINE - Russell et al. - 2023 - The Need for Required Stock Epinephrine in All Schools A Work Group Report,GUIDELINE - Russell et al. - 2023 - The Need for Required Stock Epinephrine in All Schools A Work Group Report.md,46,0,1548,1746.5,2404.5,2223.96,2584.5,2969,442.73,102302,400,0,0.0,87356,1.171,0.0127,1120.29,1120.29,0.0
length_aware_chunking,LengthAwareChunker,LAC,"{""target_length"": 1800, ""tolerance"": 200}",completed,GUIDELINE - Russell et al. - 2023 - The Need for Required Stock Epinephrine in All Schools A Work Group Report,GUIDELINE - Russell et al. - 2023 - The Need for Required Stock Epinephrine in All Schools A Work Group Report.md,48,0,70,1800.0,1925.0,1817.42,1964.25,2097,318.76,87236,400,1,2.08,87356,0.999,0.017253,2183.05,2183.05,0.0
llm_boundary_detection_chunking,LLMBoundaryDetectionChunker,LBDC,"{""max_chars"": 2000, ""overlap"": 200}",completed,GUIDELINE - Russell et al. - 2023 - The Need for Required Stock Epinephrine in All Schools A Work Group Report,GUIDELINE - Russell et al. - 2023 - The Need for Required Stock Epinephrine in All Schools A Work Group Report.md,47,0,991,1999.0,2122.0,2045.13,2156.0,2198,210.77,96121,400,0,0.0,87356,1.1,0.034261,2390.95,2390.95,0.0
llm_segment_then_chunk,LLMSegmentThenChunker,LSTC,"{""max_chars"": 2000, ""overlap"": 200, ""llm_refine_threshold"": 1500}",completed,GUIDELINE - Russell et al. - 2023 - The Need for Required Stock Epinephrine in All Schools A Work Group Report,GUIDELINE - Russell et al. - 2023 - The Need for Required Stock Epinephrine in All Schools A Work Group Report.md,271,0,4,145.5,303.0,441.24,625.0,2170,427.25,119575,400,162,59.78,87356,1.369,0.018296,2390.99,2390.99,0.0
overlapping_token_chunking,OverlappingTokenChunker,OFC,"{""chunk_size"": 500, ""overlap_size"": 75}",completed,GUIDELINE - Russell et al. - 2023 - The Need for Required Stock Epinephrine in All Schools A Work Group Report,GUIDELINE - Russell et al. - 2023 - The Need for Required Stock Epinephrine in All Schools A Work Group Report.md,46,0,1548,1746.5,2404.5,2223.96,2584.5,2969,442.73,102302,400,0,0.0,87356,1.171,0.011835,1121.39,1121.39,0.0
paragraph_based_chunking,ParagraphBasedChunker,PBC,{},completed,GUIDELINE - Russell et al. - 2023 - The Need for Required Stock Epinephrine in All Schools A Work Group Report,GUIDELINE - Russell et al. - 2023 - The Need for Required Stock Epinephrine in All Schools A Work Group Report.md,265,0,1,35.0,130.0,327.56,447.0,4112,512.38,86804,400,189,71.32,87356,0.994,0.00116,1126.2,1126.2,0.0
paragraph_group_chunking,ParagraphGroupChunker,PGC,"{""paragraphs_per_chunk"": 2, ""overlap"": 1}",completed,GUIDELINE - Russell et al. - 2023 - The Need for Required Stock Epinephrine in All Schools A Work Group Report,GUIDELINE - Russell et al. - 2023 - The Need for Required Stock Epinephrine in All Schools A Work Group Report.md,265,0,4,140.0,543.0,657.03,926.0,5859,726.29,174113,400,113,42.64,87356,1.993,0.001154,1126.2,1126.2,0.0
parent_child_chunking,ParentChildChunker,PCC,"{""parent_chunk_size"": 2000, ""child_chunk_size"": 700, ""chunk_overlap"": 100}",completed,GUIDELINE - Russell et al. - 2023 - The Need for Required Stock Epinephrine in All Schools A Work Group Report,GUIDELINE - Russell et al. - 2023 - The Need for Required Stock Epinephrine in All Schools A Work Group Report.md,256,0,30,364.0,563.0,690.4,678.0,1997,537.51,176743,400,73,28.52,87356,2.023,0.003775,1126.2,1126.2,0.0
recursive_chunking,RecursiveChunker,RC,"{""chunk_size"": 2000, ""chunk_overlap"": 200}",completed,GUIDELINE - Russell et al. - 2023 - The Need for Required Stock Epinephrine in All Schools A Work Group Report,GUIDELINE - Russell et al. - 2023 - The Need for Required Stock Epinephrine in All Schools A Work Group Report.md,56,0,81,1520.5,1758.5,1609.32,1892.25,1997,418.08,90122,400,1,1.79,87356,1.032,0.000933,1126.2,1126.2,0.0
recursive_token_fallback_chunking,RecursiveTokenChunker,RTF,"{""chunk_size"": 500, ""chunk_overlap"": 75}",completed,GUIDELINE - Russell et al. - 2023 - The Need for Required Stock Epinephrine in All Schools A Work Group Report,GUIDELINE - Russell et al. - 2023 - The Need for Required Stock Epinephrine in All Schools A Work Group Report.md,51,0,81,1479.0,2006.0,1830.65,2362.0,2865,673.03,93363,400,2,3.92,87356,1.069,0.049404,1126.2,1126.2,0.0
semantic_boundary_detection,SemanticBoundaryChunker,SBDC,"{""breakpoint_threshold_amount"": 80.0, ""buffer_size"": 1}",completed,GUIDELINE - Russell et al. - 2023 - The Need for Required Stock Epinephrine in All Schools A Work Group Report,GUIDELINE - Russell et al. - 2023 - The Need for Required Stock Epinephrine in All Schools A Work Group Report.md,173,0,2,42.0,129.0,503.54,243.0,15450,1725.4,87112,400,148,85.55,87356,0.997,22.851845,2107.24,2083.62,-23.62
semantic_embedding_based_chunking,SemanticEmbeddingChunker,SEBC,"{""breakpoint_threshold_amount"": 80.0}",completed,GUIDELINE - Russell et al. - 2023 - The Need for Required Stock Epinephrine in All Schools A Work Group Report,GUIDELINE - Russell et al. - 2023 - The Need for Required Stock Epinephrine in All Schools A Work Group Report.md,173,0,2,34.0,146.0,503.54,225.0,19704,2063.01,87112,400,152,87.86,87356,0.997,23.876155,1440.45,1439.59,-0.86
semantic_similarity_threshold_chunking,SemanticSimilarityThresholdChunker,SSTC,"{""threshold"": 0.6}",completed,GUIDELINE - Russell et al. - 2023 - The Need for Required Stock Epinephrine in All Schools A Work Group Report,GUIDELINE - Russell et al. - 2023 - The Need for Required Stock Epinephrine in All Schools A Work Group Report.md,699,0,2,25.5,58.0,123.87,131.5,2803,232.57,86585,400,657,93.99,87356,0.991,10.255717,1574.73,1618.41,43.67
semantic_variance_adaptive_chunking,SemanticVarianceAdaptiveChunker,SVAC,"{""sensitivity"": 0.2, ""window_size"": 5}",completed,GUIDELINE - Russell et al. - 2023 - The Need for Required Stock Epinephrine in All Schools A Work Group Report,GUIDELINE - Russell et al. - 2023 - The Need for Required Stock Epinephrine in All Schools A Work Group Report.md,92,0,4,119.75,581.0,947.74,1176.25,4656,1133.23,87192,400,38,41.3,87356,0.998,9.872361,2179.68,2184.18,4.5
sentence_based_chunking,SentenceBasedChunker,SBC,{},completed,GUIDELINE - Russell et al. - 2023 - The Need for Required Stock Epinephrine in All Schools A Work Group Report,GUIDELINE - Russell et al. - 2023 - The Need for Required Stock Epinephrine in All Schools A Work Group Report.md,775,0,2,28.0,67.0,111.62,137.0,2097,160.56,86509,400,740,95.48,87356,0.99,0.018206,1126.16,1126.16,0.0
sentence_group_chunking,SentenceGroupChunker,SGC,"{""sentences_per_chunk"": 10, ""overlap"": 2}",completed,GUIDELINE - Russell et al. - 2023 - The Need for Required Stock Epinephrine in All Schools A Work Group Report,GUIDELINE - Russell et al. - 2023 - The Need for Required Stock Epinephrine in All Schools A Work Group Report.md,97,0,258,467.0,641.0,1108.26,1854.0,3578,877.3,107501,400,11,11.34,87356,1.231,0.017752,1126.19,1126.19,0.0
sliding_window_token_chunking,SlidingWindowTokenChunker,SWC,"{""window_size"": 500, ""step_size"": 75}",completed,GUIDELINE - Russell et al. - 2023 - The Need for Required Stock Epinephrine in All Schools A Work Group Report,GUIDELINE - Russell et al. - 2023 - The Need for Required Stock Epinephrine in All Schools A Work Group Report.md,261,0,192,1744.0,2369.0,2210.92,2616.0,3052,481.86,577049,400,1,0.38,87356,6.606,0.017949,1121.39,1121.39,0.0
topic_based_chunking,TopicBasedChunker,TBC,"{""distance_threshold"": 0.4}",completed,GUIDELINE - Russell et al. - 2023 - The Need for Required Stock Epinephrine in All Schools A Work Group Report,GUIDELINE - Russell et al. - 2023 - The Need for Required Stock Epinephrine in All Schools A Work Group Report.md,734,0,4,27.0,62.0,117.92,132.75,2097,191.78,86550,400,691,94.14,87356,0.991,0.514806,1912.09,1912.09,0.01
content_density_adaptive_chunking,ContentDensityAdaptiveChunker,CDAC,"{""base_chunk_size"": 1200}",completed,PAPER - Kakumanu et al. - 2024 - Applying the dissemination and implementation sciences to allergy and immunol,PAPER - Kakumanu et al. - 2024 - Applying the dissemination and implementation sciences to allergy and immunol.md,85,0,191,559.0,599.0,698.2,745.0,3545,400.58,59347,400,4,4.71,59455,0.998,0.065326,2121.43,2121.43,0.0
dynamic_token_size_chunking,DynamicTokenSizeChunker,DFC,"{""min_chunk_size"": 150, ""max_chunk_size"": 500}",completed,PAPER - Kakumanu et al. - 2024 - Applying the dissemination and implementation sciences to allergy and immunol,PAPER - Kakumanu et al. - 2024 - Applying the dissemination and implementation sciences to allergy and immunol.md,29,0,350,1734.0,1908.0,2049.14,2472.0,2687,501.08,59425,400,1,3.45,59455,0.999,0.017279,2121.43,2121.43,0.0
fixed_character_chunking,FixedCharacterChunker,FCC,"{""chunk_size"": 2000, ""overlap"": 200}",completed,PAPER - Kakumanu et al. - 2024 - Applying the dissemination and implementation sciences to allergy and immunol,PAPER - Kakumanu et al. - 2024 - Applying the dissemination and implementation sciences to allergy and immunol.md,34,0,55,1999.0,1999.0,1937.97,2000.0,2000,328.69,65891,400,1,2.94,59455,1.108,0.000144,1081.49,1081.49,0.0
fixed_token_chunking,FixedTokenChunker,FC,"{""chunk_size"": 500, ""overlap"": 75}",completed,PAPER - Kakumanu et al. - 2024 - Applying the dissemination and implementation sciences to allergy and immunol,PAPER - Kakumanu et al. - 2024 - Applying the dissemination and implementation sciences to allergy and immunol.md,32,0,1274,1771.25,2118.0,2177.41,2600.25,2747,438.92,69677,400,0,0.0,59455,1.172,0.009571,1120.29,1120.29,0.0
length_aware_chunking,LengthAwareChunker,LAC,"{""target_length"": 1800, ""tolerance"": 200}",completed,PAPER - Kakumanu et al. - 2024 - Applying the dissemination and implementation sciences to allergy and immunol,PAPER - Kakumanu et al. - 2024 - Applying the dissemination and implementation sciences to allergy and immunol.md,33,0,208,1818.0,1923.0,1799.97,1967.0,3545,525.83,59399,400,1,3.03,59455,0.999,0.012272,2183.05,2183.05,0.0
llm_boundary_detection_chunking,LLMBoundaryDetectionChunker,LBDC,"{""max_chars"": 2000, ""overlap"": 200}",completed,PAPER - Kakumanu et al. - 2024 - Applying the dissemination and implementation sciences to allergy and immunol,PAPER - Kakumanu et al. - 2024 - Applying the dissemination and implementation sciences to allergy and immunol.md,33,0,497,2003.0,2131.0,1989.27,2160.0,2193,357.8,65646,400,0,0.0,59455,1.104,0.015725,2390.95,2390.95,0.0
llm_segment_then_chunk,LLMSegmentThenChunker,LSTC,"{""max_chars"": 2000, ""overlap"": 200, ""llm_refine_threshold"": 1500}",completed,PAPER - Kakumanu et al. - 2024 - Applying the dissemination and implementation sciences to allergy and immunol,PAPER - Kakumanu et al. - 2024 - Applying the dissemination and implementation sciences to allergy and immunol.md,110,0,23,227.25,425.0,685.67,936.0,2192,608.96,75424,400,53,48.18,59455,1.269,0.021529,2390.99,2390.99,0.0
overlapping_token_chunking,OverlappingTokenChunker,OFC,"{""chunk_size"": 500, ""overlap_size"": 75}",completed,PAPER - Kakumanu et al. - 2024 - Applying the dissemination and implementation sciences to allergy and immunol,PAPER - Kakumanu et al. - 2024 - Applying the dissemination and implementation sciences to allergy and immunol.md,32,0,1274,1771.25,2118.0,2177.41,2600.25,2747,438.92,69677,400,0,0.0,59455,1.172,0.008198,1121.39,1121.39,0.0
paragraph_based_chunking,ParagraphBasedChunker,PBC,{},completed,PAPER - Kakumanu et al. - 2024 - Applying the dissemination and implementation sciences to allergy and immunol,PAPER - Kakumanu et al. - 2024 - Applying the dissemination and implementation sciences to allergy and immunol.md,101,0,3,85.0,216.0,586.59,687.0,4994,996.03,59246,400,62,61.39,59455,0.996,0.000414,1126.2,1126.2,0.0
paragraph_group_chunking,ParagraphGroupChunker,PGC,"{""paragraphs_per_chunk"": 2, ""overlap"": 1}",completed,PAPER - Kakumanu et al. - 2024 - Applying the dissemination and implementation sciences to allergy and immunol,PAPER - Kakumanu et al. - 2024 - Applying the dissemination and implementation sciences to allergy and immunol.md,101,0,90,251.0,718.0,1174.94,1159.0,9978,1835.87,118669,400,36,35.64,59455,1.996,0.000469,1126.2,1126.2,0.0
parent_child_chunking,ParentChildChunker,PCC,"{""parent_chunk_size"": 2000, ""child_chunk_size"": 700, ""chunk_overlap"": 100}",completed,PAPER - Kakumanu et al. - 2024 - Applying the dissemination and implementation sciences to allergy and immunol,PAPER - Kakumanu et al. - 2024 - Applying the dissemination and implementation sciences to allergy and immunol.md,171,0,3,391.0,586.0,702.53,694.5,1992,515.01,120133,400,43,25.15,59455,2.021,0.002724,1126.2,1126.2,0.0
recursive_chunking,RecursiveChunker,RC,"{""chunk_size"": 2000, ""chunk_overlap"": 200}",completed,PAPER - Kakumanu et al. - 2024 - Applying the dissemination and implementation sciences to allergy and immunol,PAPER - Kakumanu et al. - 2024 - Applying the dissemination and implementation sciences to allergy and immunol.md,40,0,550,1334.0,1636.0,1521.2,1870.25,1992,408.91,60848,400,0,0.0,59455,1.023,0.000619,1126.2,1126.2,0.0
recursive_token_fallback_chunking,RecursiveTokenChunker,RTF,"{""chunk_size"": 500, ""chunk_overlap"": 75}",completed,PAPER - Kakumanu et al. - 2024 - Applying the dissemination and implementation sciences to allergy and immunol,PAPER - Kakumanu et al. - 2024 - Applying the dissemination and implementation sciences to allergy and immunol.md,37,0,233,1592.0,1678.0,1704.73,2166.0,2721,577.07,63075,400,2,5.41,59455,1.061,0.035186,1126.2,1126.2,0.0
semantic_boundary_detection,SemanticBoundaryChunker,SBDC,"{""breakpoint_threshold_amount"": 80.0, ""buffer_size"": 1}",completed,PAPER - Kakumanu et al. - 2024 - Applying the dissemination and implementation sciences to allergy and immunol,PAPER - Kakumanu et al. - 2024 - Applying the dissemination and implementation sciences to allergy and immunol.md,118,0,20,36.25,160.5,502.61,214.75,31874,2931.68,59308,400,105,88.98,59455,0.998,13.691591,2083.62,2099.35,15.72
semantic_embedding_based_chunking,SemanticEmbeddingChunker,SEBC,"{""breakpoint_threshold_amount"": 80.0}",completed,PAPER - Kakumanu et al. - 2024 - Applying the dissemination and implementation sciences to allergy and immunol,PAPER - Kakumanu et al. - 2024 - Applying the dissemination and implementation sciences to allergy and immunol.md,118,0,3,6.5,179.0,502.61,234.75,18994,2068.76,59308,400,104,88.14,59455,0.998,13.721343,1439.59,1460.7,21.11
semantic_similarity_threshold_chunking,SemanticSimilarityThresholdChunker,SSTC,"{""threshold"": 0.6}",completed,PAPER - Kakumanu et al. - 2024 - Applying the dissemination and implementation sciences to allergy and immunol,PAPER - Kakumanu et al. - 2024 - Applying the dissemination and implementation sciences to allergy and immunol.md,524,0,2,16.0,47.0,112.42,99.0,4557,288.38,58908,400,501,95.61,59455,0.991,7.224384,1618.41,1568.81,-49.61
semantic_variance_adaptive_chunking,SemanticVarianceAdaptiveChunker,SVAC,"{""sensitivity"": 0.2, ""window_size"": 5}",completed,PAPER - Kakumanu et al. - 2024 - Applying the dissemination and implementation sciences to allergy and immunol,PAPER - Kakumanu et al. - 2024 - Applying the dissemination and implementation sciences to allergy and immunol.md,33,0,2,163.0,895.0,1799.97,2350.0,14297,2657.46,59399,400,13,39.39,59455,0.999,6.534921,2184.18,2161.49,-22.69
sentence_based_chunking,SentenceBasedChunker,SBC,{},completed,PAPER - Kakumanu et al. - 2024 - Applying the dissemination and implementation sciences to allergy and immunol,PAPER - Kakumanu et al. - 2024 - Applying the dissemination and implementation sciences to allergy and immunol.md,548,0,2,21.75,48.0,107.45,107.25,3545,233.22,58884,400,524,95.62,59455,0.99,0.013237,1126.16,1126.16,0.0
sentence_group_chunking,SentenceGroupChunker,SGC,"{""sentences_per_chunk"": 10, ""overlap"": 2}",completed,PAPER - Kakumanu et al. - 2024 - Applying the dissemination and implementation sciences to allergy and immunol,PAPER - Kakumanu et al. - 2024 - Applying the dissemination and implementation sciences to allergy and immunol.md,69,0,303,488.0,563.0,1039.97,714.0,6612,1231.91,71758,400,4,5.8,59455,1.207,0.012098,1126.19,1126.19,0.0
sliding_window_token_chunking,SlidingWindowTokenChunker,SWC,"{""window_size"": 500, ""step_size"": 75}",completed,PAPER - Kakumanu et al. - 2024 - Applying the dissemination and implementation sciences to allergy and immunol,PAPER - Kakumanu et al. - 2024 - Applying the dissemination and implementation sciences to allergy and immunol.md,181,0,106,1772.0,2098.0,2153.36,2637.0,2831,490.58,389759,400,2,1.1,59455,6.556,0.013678,1121.39,1121.39,0.0
topic_based_chunking,TopicBasedChunker,TBC,"{""distance_threshold"": 0.4}",completed,PAPER - Kakumanu et al. - 2024 - Applying the dissemination and implementation sciences to allergy and immunol,PAPER - Kakumanu et al. - 2024 - Applying the dissemination and implementation sciences to allergy and immunol.md,539,0,2,20.5,47.0,109.26,98.0,2841,238.17,58893,400,514,95.36,59455,0.991,0.32799,1912.09,1912.09,0.0
content_density_adaptive_chunking,ContentDensityAdaptiveChunker,CDAC,"{""base_chunk_size"": 1200}",completed,PAPER - Leonardi et al. - 2024 - Allergic Conjunctivitis Management Update on Ophthalmic Solutions,PAPER - Leonardi et al. - 2024 - Allergic Conjunctivitis Management Update on Ophthalmic Solutions.md,103,0,51,561.5,599.0,634.91,657.5,2167,248.78,65396,400,3,2.91,65564,0.997,0.080423,2121.43,2121.43,0.0
dynamic_token_size_chunking,DynamicTokenSizeChunker,DFC,"{""min_chunk_size"": 150, ""max_chunk_size"": 500}",completed,PAPER - Leonardi et al. - 2024 - Allergic Conjunctivitis Management Update on Ophthalmic Solutions,PAPER - Leonardi et al. - 2024 - Allergic Conjunctivitis Management Update on Ophthalmic Solutions.md,36,0,1035,1513.75,1783.0,1820.25,2223.5,2556,387.82,65529,400,0,0.0,65564,0.999,0.013612,2121.43,2121.43,0.0
fixed_character_chunking,FixedCharacterChunker,FCC,"{""chunk_size"": 2000, ""overlap"": 200}",completed,PAPER - Leonardi et al. - 2024 - Allergic Conjunctivitis Management Update on Ophthalmic Solutions,PAPER - Leonardi et al. - 2024 - Allergic Conjunctivitis Management Update on Ophthalmic Solutions.md,37,0,764,2000.0,2000.0,1966.35,2000.0,2000,200.39,72755,400,0,0.0,65564,1.11,0.000154,1081.49,1081.49,0.0
fixed_token_chunking,FixedTokenChunker,FC,"{""chunk_size"": 500, ""overlap"": 75}",completed,PAPER - Leonardi et al. - 2024 - Allergic Conjunctivitis Management Update on Ophthalmic Solutions,PAPER - Leonardi et al. - 2024 - Allergic Conjunctivitis Management Update on Ophthalmic Solutions.md,42,0,208,1531.25,1745.5,1835.6,2273.25,2541,450.16,77095,400,1,2.38,65564,1.176,0.01105,1120.29,1120.29,0.0
length_aware_chunking,LengthAwareChunker,LAC,"{""target_length"": 1800, ""tolerance"": 200}",completed,PAPER - Leonardi et al. - 2024 - Allergic Conjunctivitis Management Update on Ophthalmic Solutions,PAPER - Leonardi et al. - 2024 - Allergic Conjunctivitis Management Update on Ophthalmic Solutions.md,36,0,834,1821.75,1888.0,1818.42,1978.25,2167,287.53,65463,400,0,0.0,65564,0.998,0.01603,2183.05,2183.05,0.0
llm_boundary_detection_chunking,LLMBoundaryDetectionChunker,LBDC,"{""max_chars"": 2000, ""overlap"": 200}",completed,PAPER - Leonardi et al. - 2024 - Allergic Conjunctivitis Management Update on Ophthalmic Solutions,PAPER - Leonardi et al. - 2024 - Allergic Conjunctivitis Management Update on Ophthalmic Solutions.md,35,0,633,2042.0,2125.0,2055.63,2171.5,2200,269.81,71947,400,0,0.0,65564,1.097,0.019297,2390.95,2390.95,0.0
llm_segment_then_chunk,LLMSegmentThenChunker,LSTC,"{""max_chars"": 2000, ""overlap"": 200, ""llm_refine_threshold"": 1500}",completed,PAPER - Leonardi et al. - 2024 - Allergic Conjunctivitis Management Update on Ophthalmic Solutions,PAPER - Leonardi et al. - 2024 - Allergic Conjunctivitis Management Update on Ophthalmic Solutions.md,256,0,10,56.75,88.0,339.05,380.75,2184,488.89,86797,400,196,76.56,65564,1.324,0.024661,2390.99,2390.99,0.0
overlapping_token_chunking,OverlappingTokenChunker,OFC,"{""chunk_size"": 500, ""overlap_size"": 75}",completed,PAPER - Leonardi et al. - 2024 - Allergic Conjunctivitis Management Update on Ophthalmic Solutions,PAPER - Leonardi et al. - 2024 - Allergic Conjunctivitis Management Update on Ophthalmic Solutions.md,42,0,208,1531.25,1745.5,1835.6,2273.25,2541,450.16,77095,400,1,2.38,65564,1.176,0.010229,1121.39,1121.39,0.0
paragraph_based_chunking,ParagraphBasedChunker,PBC,{},completed,PAPER - Leonardi et al. - 2024 - Allergic Conjunctivitis Management Update on Ophthalmic Solutions,PAPER - Leonardi et al. - 2024 - Allergic Conjunctivitis Management Update on Ophthalmic Solutions.md,251,0,4,23.0,37.0,259.1,195.5,3666,573.07,65035,400,206,82.07,65564,0.992,0.001001,1126.2,1126.2,0.0
paragraph_group_chunking,ParagraphGroupChunker,PGC,"{""paragraphs_per_chunk"": 2, ""overlap"": 1}",completed,PAPER - Leonardi et al. - 2024 - Allergic Conjunctivitis Management Update on Ophthalmic Solutions,PAPER - Leonardi et al. - 2024 - Allergic Conjunctivitis Management Update on Ophthalmic Solutions.md,251,0,10,56.0,86.0,519.82,607.0,7128,1004.5,130475,400,172,68.53,65564,1.99,0.001094,1126.2,1126.2,0.0
parent_child_chunking,ParentChildChunker,PCC,"{""parent_chunk_size"": 2000, ""child_chunk_size"": 700, ""chunk_overlap"": 100}",completed,PAPER - Leonardi et al. - 2024 - Allergic Conjunctivitis Management Update on Ophthalmic Solutions,PAPER - Leonardi et al. - 2024 - Allergic Conjunctivitis Management Update on Ophthalmic Solutions.md,186,0,18,396.25,556.5,714.73,686.75,1998,553.19,132940,400,47,25.27,65564,2.028,0.002545,1126.2,1126.2,0.0
recursive_chunking,RecursiveChunker,RC,"{""chunk_size"": 2000, ""chunk_overlap"": 200}",completed,PAPER - Leonardi et al. - 2024 - Allergic Conjunctivitis Management Update on Ophthalmic Solutions,PAPER - Leonardi et al. - 2024 - Allergic Conjunctivitis Management Update on Ophthalmic Solutions.md,41,0,283,1547.0,1774.0,1640.85,1912.0,1996,409.72,67275,400,1,2.44,65564,1.026,0.00082,1126.2,1126.2,0.0
recursive_token_fallback_chunking,RecursiveTokenChunker,RTF,"{""chunk_size"": 500, ""chunk_overlap"": 75}",completed,PAPER - Leonardi et al. - 2024 - Allergic Conjunctivitis Management Update on Ophthalmic Solutions,PAPER - Leonardi et al. - 2024 - Allergic Conjunctivitis Management Update on Ophthalmic Solutions.md,48,0,246,1234.5,1461.5,1487.6,1940.75,2428,519.1,71405,400,2,4.17,65564,1.089,0.052441,1126.2,1126.2,0.0
semantic_boundary_detection,SemanticBoundaryChunker,SBDC,"{""breakpoint_threshold_amount"": 80.0, ""buffer_size"": 1}",completed,PAPER - Leonardi et al. - 2024 - Allergic Conjunctivitis Management Update on Ophthalmic Solutions,PAPER - Leonardi et al. - 2024 - Allergic Conjunctivitis Management Update on Ophthalmic Solutions.md,147,0,8,24.0,166.0,444.56,232.0,38489,3164.71,65351,400,139,94.56,65564,0.997,19.110477,2099.35,2071.98,-27.36
semantic_embedding_based_chunking,SemanticEmbeddingChunker,SEBC,"{""breakpoint_threshold_amount"": 80.0}",completed,PAPER - Leonardi et al. - 2024 - Allergic Conjunctivitis Management Update on Ophthalmic Solutions,PAPER - Leonardi et al. - 2024 - Allergic Conjunctivitis Management Update on Ophthalmic Solutions.md,147,0,4,8.0,158.0,444.56,231.5,38668,3186.17,65351,400,139,94.56,65564,0.997,19.238943,1460.7,1518.52,57.82
semantic_similarity_threshold_chunking,SemanticSimilarityThresholdChunker,SSTC,"{""threshold"": 0.6}",completed,PAPER - Leonardi et al. - 2024 - Allergic Conjunctivitis Management Update on Ophthalmic Solutions,PAPER - Leonardi et al. - 2024 - Allergic Conjunctivitis Management Update on Ophthalmic Solutions.md,645,0,4,15.0,33.0,100.55,122.0,3439,228.06,64854,400,625,96.9,65564,0.989,8.835025,1568.81,1556.88,-11.93
semantic_variance_adaptive_chunking,SemanticVarianceAdaptiveChunker,SVAC,"{""sensitivity"": 0.2, ""window_size"": 5}",completed,PAPER - Leonardi et al. - 2024 - Allergic Conjunctivitis Management Update on Ophthalmic Solutions,PAPER - Leonardi et al. - 2024 - Allergic Conjunctivitis Management Update on Ophthalmic Solutions.md,61,0,5,124.0,541.0,1072.75,1535.0,10542,1563.18,65438,400,28,45.9,65564,0.998,9.563377,2161.49,2183.3,21.81
sentence_based_chunking,SentenceBasedChunker,SBC,{},completed,PAPER - Leonardi et al. - 2024 - Allergic Conjunctivitis Management Update on Ophthalmic Solutions,PAPER - Leonardi et al. - 2024 - Allergic Conjunctivitis Management Update on Ophthalmic Solutions.md,694,0,4,16.0,44.0,93.38,134.75,2167,156.97,64805,400,682,98.27,65564,0.988,0.019728,1126.16,1126.16,0.0
sentence_group_chunking,SentenceGroupChunker,SGC,"{""sentences_per_chunk"": 10, ""overlap"": 2}",completed,PAPER - Leonardi et al. - 2024 - Allergic Conjunctivitis Management Update on Ophthalmic Solutions,PAPER - Leonardi et al. - 2024 - Allergic Conjunctivitis Management Update on Ophthalmic Solutions.md,87,0,182,389.5,467.0,960.77,1364.0,7217,1073.93,83587,400,24,27.59,65564,1.275,0.019096,1126.2,1126.2,0.0
sliding_window_token_chunking,SlidingWindowTokenChunker,SWC,"{""window_size"": 500, ""step_size"": 75}",completed,PAPER - Leonardi et al. - 2024 - Allergic Conjunctivitis Management Update on Ophthalmic Solutions,PAPER - Leonardi et al. - 2024 - Allergic Conjunctivitis Management Update on Ophthalmic Solutions.md,233,0,284,1504.0,1726.0,1852.98,2256.0,2558,422.19,431744,400,1,0.43,65564,6.585,0.015296,1121.39,1121.39,0.0
topic_based_chunking,TopicBasedChunker,TBC,"{""distance_threshold"": 0.4}",completed,PAPER - Leonardi et al. - 2024 - Allergic Conjunctivitis Management Update on Ophthalmic Solutions,PAPER - Leonardi et al. - 2024 - Allergic Conjunctivitis Management Update on Ophthalmic Solutions.md,668,0,4,16.0,35.5,97.05,130.0,3042,197.76,64831,400,649,97.16,65564,0.989,0.453179,1912.09,1912.09,0.0
content_density_adaptive_chunking,ContentDensityAdaptiveChunker,CDAC,"{""base_chunk_size"": 1200}",completed,PAPER - Lieberman et al. - 2023 - Innovations in the treatment of anaphylaxis A review of recent data,PAPER - Lieberman et al. - 2023 - Innovations in the treatment of anaphylaxis A review of recent data.md,89,0,83,546.0,595.0,666.55,649.0,2922,355.17,59323,400,2,2.25,59485,0.997,0.06587,2121.43,2121.43,0.0
dynamic_token_size_chunking,DynamicTokenSizeChunker,DFC,"{""min_chunk_size"": 150, ""max_chunk_size"": 500}",completed,PAPER - Lieberman et al. - 2023 - Innovations in the treatment of anaphylaxis A review of recent data,PAPER - Lieberman et al. - 2023 - Innovations in the treatment of anaphylaxis A review of recent data.md,34,0,225,1566.5,1725.0,1748.79,1920.0,2513,379.52,59459,400,1,2.94,59485,1.0,0.009894,2121.43,2121.43,0.0
fixed_character_chunking,FixedCharacterChunker,FCC,"{""chunk_size"": 2000, ""overlap"": 200}",completed,PAPER - Lieberman et al. - 2023 - Innovations in the treatment of anaphylaxis A review of recent data,PAPER - Lieberman et al. - 2023 - Innovations in the treatment of anaphylaxis A review of recent data.md,34,0,85,1999.0,2000.0,1939.91,2000.0,2000,323.48,65957,400,1,2.94,59485,1.109,0.00013,1081.49,1081.49,0.0
fixed_token_chunking,FixedTokenChunker,FC,"{""chunk_size"": 500, ""overlap"": 75}",completed,PAPER - Lieberman et al. - 2023 - Innovations in the treatment of anaphylaxis A review of recent data,PAPER - Lieberman et al. - 2023 - Innovations in the treatment of anaphylaxis A review of recent data.md,38,0,1441,1612.25,1719.0,1828.76,2056.25,2520,306.98,69493,400,0,0.0,59485,1.168,0.011442,1120.29,1120.29,0.0
length_aware_chunking,LengthAwareChunker,LAC,"{""target_length"": 1800, ""tolerance"": 200}",completed,PAPER - Lieberman et al. - 2023 - Innovations in the treatment of anaphylaxis A review of recent data,PAPER - Lieberman et al. - 2023 - Innovations in the treatment of anaphylaxis A review of recent data.md,32,0,1251,1727.25,1906.0,1855.62,1973.25,2922,303.55,59380,400,0,0.0,59485,0.998,0.0124,2183.05,2183.05,0.0
llm_boundary_detection_chunking,LLMBoundaryDetectionChunker,LBDC,"{""max_chars"": 2000, ""overlap"": 200}",completed,PAPER - Lieberman et al. - 2023 - Innovations in the treatment of anaphylaxis A review of recent data,PAPER - Lieberman et al. - 2023 - Innovations in the treatment of anaphylaxis A review of recent data.md,32,0,562,2051.5,2100.0,2043.91,2172.25,2195,284.75,65405,400,0,0.0,59485,1.1,0.014562,2390.95,2390.95,0.0
llm_segment_then_chunk,LLMSegmentThenChunker,LSTC,"{""max_chars"": 2000, ""overlap"": 200, ""llm_refine_threshold"": 1500}",completed,PAPER - Lieberman et al. - 2023 - Innovations in the treatment of anaphylaxis A review of recent data,PAPER - Lieberman et al. - 2023 - Innovations in the treatment of anaphylaxis A review of recent data.md,158,0,29,227.25,398.5,523.38,668.75,2175,433.03,82694,400,79,50.0,59485,1.39,0.014687,2390.99,2390.99,0.0
overlapping_token_chunking,OverlappingTokenChunker,OFC,"{""chunk_size"": 500, ""overlap_size"": 75}",completed,PAPER - Lieberman et al. - 2023 - Innovations in the treatment of anaphylaxis A review of recent data,PAPER - Lieberman et al. - 2023 - Innovations in the treatment of anaphylaxis A review of recent data.md,38,0,1441,1612.25,1719.0,1828.76,2056.25,2520,306.98,69493,400,0,0.0,59485,1.168,0.009119,1121.39,1121.39,0.0
paragraph_based_chunking,ParagraphBasedChunker,PBC,{},completed,PAPER - Lieberman et al. - 2023 - Innovations in the treatment of anaphylaxis A review of recent data,PAPER - Lieberman et al. - 2023 - Innovations in the treatment of anaphylaxis A review of recent data.md,155,0,5,107.0,233.0,381.69,472.0,3799,529.69,59162,400,110,70.97,59485,0.995,0.000652,1126.2,1126.2,0.0
paragraph_group_chunking,ParagraphGroupChunker,PGC,"{""paragraphs_per_chunk"": 2, ""overlap"": 1}",completed,PAPER - Lieberman et al. - 2023 - Innovations in the treatment of anaphylaxis A review of recent data,PAPER - Lieberman et al. - 2023 - Innovations in the treatment of anaphylaxis A review of recent data.md,155,0,29,292.5,543.0,765.08,963.0,4894,749.54,118587,400,54,34.84,59485,1.994,0.000757,1126.2,1126.2,0.0
parent_child_chunking,ParentChildChunker,PCC,"{""parent_chunk_size"": 2000, ""child_chunk_size"": 700, ""chunk_overlap"": 100}",completed,PAPER - Lieberman et al. - 2023 - Innovations in the treatment of anaphylaxis A review of recent data,PAPER - Lieberman et al. - 2023 - Innovations in the treatment of anaphylaxis A review of recent data.md,170,0,5,360.25,565.0,706.62,687.75,1997,555.69,120126,400,47,27.65,59485,2.019,0.002533,1126.2,1126.2,0.0
recursive_chunking,RecursiveChunker,RC,"{""chunk_size"": 2000, ""chunk_overlap"": 200}",completed,PAPER - Lieberman et al. - 2023 - Innovations in the treatment of anaphylaxis A review of recent data,PAPER - Lieberman et al. - 2023 - Innovations in the treatment of anaphylaxis A review of recent data.md,37,0,119,1426.0,1852.0,1626.76,1930.0,1997,455.97,60190,400,1,2.7,59485,1.012,0.000578,1126.2,1126.2,0.0
recursive_token_fallback_chunking,RecursiveTokenChunker,RTF,"{""chunk_size"": 500, ""chunk_overlap"": 75}",completed,PAPER - Lieberman et al. - 2023 - Innovations in the treatment of anaphylaxis A review of recent data,PAPER - Lieberman et al. - 2023 - Innovations in the treatment of anaphylaxis A review of recent data.md,40,0,119,1392.75,1566.5,1559.7,1772.75,2352,420.37,62388,400,1,2.5,59485,1.049,0.039085,1126.2,1126.2,0.0
semantic_boundary_detection,SemanticBoundaryChunker,SBDC,"{""breakpoint_threshold_amount"": 80.0, ""buffer_size"": 1}",completed,PAPER - Lieberman et al. - 2023 - Innovations in the treatment of anaphylaxis A review of recent data,PAPER - Lieberman et al. - 2023 - Innovations in the treatment of anaphylaxis A review of recent data.md,116,0,8,24.0,162.5,511.17,230.0,17273,1811.93,59296,400,103,88.79,59485,0.997,17.889059,2071.98,2122.42,50.44
semantic_embedding_based_chunking,SemanticEmbeddingChunker,SEBC,"{""breakpoint_threshold_amount"": 80.0}",completed,PAPER - Lieberman et al. - 2023 - Innovations in the treatment of anaphylaxis A review of recent data,PAPER - Lieberman et al. - 2023 - Innovations in the treatment of anaphylaxis A review of recent data.md,116,0,4,5.0,112.0,511.17,212.25,20786,2117.25,59296,400,103,88.79,59485,0.997,16.817477,1518.52,1522.29,3.77
semantic_similarity_threshold_chunking,SemanticSimilarityThresholdChunker,SSTC,"{""threshold"": 0.6}",completed,PAPER - Lieberman et al. - 2023 - Innovations in the treatment of anaphylaxis A review of recent data,PAPER - Lieberman et al. - 2023 - Innovations in the treatment of anaphylaxis A review of recent data.md,522,0,3,18.0,51.0,112.82,130.75,2922,235.4,58890,400,498,95.4,59485,0.99,8.681663,1556.88,1556.88,0.0
semantic_variance_adaptive_chunking,SemanticVarianceAdaptiveChunker,SVAC,"{""sensitivity"": 0.2, ""window_size"": 5}",completed,PAPER - Lieberman et al. - 2023 - Innovations in the treatment of anaphylaxis A review of recent data,PAPER - Lieberman et al. - 2023 - Innovations in the treatment of anaphylaxis A review of recent data.md,57,0,9,129.0,548.0,1041.32,1431.0,8551,1442.14,59355,400,23,40.35,59485,0.998,7.41507,2183.3,2163.12,-20.19
sentence_based_chunking,SentenceBasedChunker,SBC,{},completed,PAPER - Lieberman et al. - 2023 - Innovations in the treatment of anaphylaxis A review of recent data,PAPER - Lieberman et al. - 2023 - Innovations in the treatment of anaphylaxis A review of recent data.md,553,0,3,20.0,56.0,106.44,131.0,2922,208.82,58859,400,533,96.38,59485,0.989,0.013706,1126.16,1126.16,0.0
sentence_group_chunking,SentenceGroupChunker,SGC,"{""sentences_per_chunk"": 10, ""overlap"": 2}",completed,PAPER - Lieberman et al. - 2023 - Innovations in the treatment of anaphylaxis A review of recent data,PAPER - Lieberman et al. - 2023 - Innovations in the treatment of anaphylaxis A review of recent data.md,70,0,225,423.5,519.5,1033.99,1429.0,7338,1095.94,72379,400,11,15.71,59485,1.217,0.013702,1126.2,1126.2,0.0
sliding_window_token_chunking,SlidingWindowTokenChunker,SWC,"{""window_size"": 500, ""step_size"": 75}",completed,PAPER - Lieberman et al. - 2023 - Innovations in the treatment of anaphylaxis A review of recent data,PAPER - Lieberman et al. - 2023 - Innovations in the treatment of anaphylaxis A review of recent data.md,214,0,401,1620.75,1740.5,1822.25,2055.25,2710,327.23,389962,400,0,0.0,59485,6.556,0.014321,1121.39,1121.39,0.0
topic_based_chunking,TopicBasedChunker,TBC,"{""distance_threshold"": 0.4}",completed,PAPER - Lieberman et al. - 2023 - Innovations in the treatment of anaphylaxis A review of recent data,PAPER - Lieberman et al. - 2023 - Innovations in the treatment of anaphylaxis A review of recent data.md,529,0,4,19.0,51.0,111.31,130.0,2922,231.47,58883,400,506,95.65,59485,0.99,0.463361,1912.09,1912.09,0.0
content_density_adaptive_chunking,ContentDensityAdaptiveChunker,CDAC,"{""base_chunk_size"": 1200}",completed,"PAPER - Matysiak et al. - 2022 - Diagnosis of Hymenoptera Venom Allergy State of the Art, Challenges, and Pers","PAPER - Matysiak et al. - 2022 - Diagnosis of Hymenoptera Venom Allergy State of the Art, Challenges, and Pers.md",110,0,58,563.25,598.0,601.12,637.5,1069,105.78,66123,400,2,1.82,66188,0.999,0.097503,2121.43,2121.43,0.0
dynamic_token_size_chunking,DynamicTokenSizeChunker,DFC,"{""min_chunk_size"": 150, ""max_chunk_size"": 500}",completed,"PAPER - Matysiak et al. - 2022 - Diagnosis of Hymenoptera Venom Allergy State of the Art, Challenges, and Pers","PAPER - Matysiak et al. - 2022 - Diagnosis of Hymenoptera Venom Allergy State of the Art, Challenges, and Pers.md",38,0,190,1351.0,1784.0,1740.74,2050.5,2558,482.65,66148,400,1,2.63,66188,0.999,0.011011,2121.43,2121.43,0.0
fixed_character_chunking,FixedCharacterChunker,FCC,"{""chunk_size"": 2000, ""overlap"": 200}",completed,"PAPER - Matysiak et al. - 2022 - Diagnosis of Hymenoptera Venom Allergy State of the Art, Challenges, and Pers","PAPER - Matysiak et al. - 2022 - Diagnosis of Hymenoptera Venom Allergy State of the Art, Challenges, and Pers.md",37,0,1388,1999.0,2000.0,1983.22,2000.0,2000,99.2,73379,400,0,0.0,66188,1.109,0.00015,1081.5,1081.5,0.0
fixed_token_chunking,FixedTokenChunker,FC,"{""chunk_size"": 500, ""overlap"": 75}",completed,"PAPER - Matysiak et al. - 2022 - Diagnosis of Hymenoptera Venom Allergy State of the Art, Challenges, and Pers","PAPER - Matysiak et al. - 2022 - Diagnosis of Hymenoptera Venom Allergy State of the Art, Challenges, and Pers.md",43,0,893,1390.5,1850.0,1802.98,2148.0,2559,429.45,77528,400,0,0.0,66188,1.171,0.01141,1120.29,1120.29,0.0
length_aware_chunking,LengthAwareChunker,LAC,"{""target_length"": 1800, ""tolerance"": 200}",completed,"PAPER - Matysiak et al. - 2022 - Diagnosis of Hymenoptera Venom Allergy State of the Art, Challenges, and Pers","PAPER - Matysiak et al. - 2022 - Diagnosis of Hymenoptera Venom Allergy State of the Art, Challenges, and Pers.md",35,0,905,1881.5,1918.0,1891.37,1944.5,1991,174.76,66198,400,0,0.0,66188,1.0,0.024892,2183.05,2183.05,0.0
llm_boundary_detection_chunking,LLMBoundaryDetectionChunker,LBDC,"{""max_chars"": 2000, ""overlap"": 200}",completed,"PAPER - Matysiak et al. - 2022 - Diagnosis of Hymenoptera Venom Allergy State of the Art, Challenges, and Pers","PAPER - Matysiak et al. - 2022 - Diagnosis of Hymenoptera Venom Allergy State of the Art, Challenges, and Pers.md",35,0,512,2094.5,2133.0,2081.71,2174.5,2197,275.39,72860,400,0,0.0,66188,1.101,0.031448,2390.95,2390.95,0.0
llm_segment_then_chunk,LLMSegmentThenChunker,LSTC,"{""max_chars"": 2000, ""overlap"": 200, ""llm_refine_threshold"": 1500}",completed,"PAPER - Matysiak et al. - 2022 - Diagnosis of Hymenoptera Venom Allergy State of the Art, Challenges, and Pers","PAPER - Matysiak et al. - 2022 - Diagnosis of Hymenoptera Venom Allergy State of the Art, Challenges, and Pers.md",122,0,14,241.25,500.0,688.56,884.25,2194,613.16,84004,400,52,42.62,66188,1.269,0.035598,2390.99,2390.99,0.0
overlapping_token_chunking,OverlappingTokenChunker,OFC,"{""chunk_size"": 500, ""overlap_size"": 75}",completed,"PAPER - Matysiak et al. - 2022 - Diagnosis of Hymenoptera Venom Allergy State of the Art, Challenges, and Pers","PAPER - Matysiak et al. - 2022 - Diagnosis of Hymenoptera Venom Allergy State of the Art, Challenges, and Pers.md",43,0,893,1390.5,1850.0,1802.98,2148.0,2559,429.45,77528,400,0,0.0,66188,1.171,0.01082,1121.39,1121.39,0.0
paragraph_based_chunking,ParagraphBasedChunker,PBC,{},completed,"PAPER - Matysiak et al. - 2022 - Diagnosis of Hymenoptera Venom Allergy State of the Art, Challenges, and Pers","PAPER - Matysiak et al. - 2022 - Diagnosis of Hymenoptera Venom Allergy State of the Art, Challenges, and Pers.md",111,0,6,65.0,297.0,594.2,653.0,6211,1056.35,65956,400,66,59.46,66188,0.996,0.000426,1126.2,1126.2,0.0
paragraph_group_chunking,ParagraphGroupChunker,PGC,"{""paragraphs_per_chunk"": 2, ""overlap"": 1}",completed,"PAPER - Matysiak et al. - 2022 - Diagnosis of Hymenoptera Venom Allergy State of the Art, Challenges, and Pers","PAPER - Matysiak et al. - 2022 - Diagnosis of Hymenoptera Venom Allergy State of the Art, Challenges, and Pers.md",111,0,22,297.0,761.0,1190.25,1204.0,12416,1921.66,132118,400,33,29.73,66188,1.996,0.000539,1126.2,1126.2,0.0
parent_child_chunking,ParentChildChunker,PCC,"{""parent_chunk_size"": 2000, ""child_chunk_size"": 700, ""chunk_overlap"": 100}",completed,"PAPER - Matysiak et al. - 2022 - Diagnosis of Hymenoptera Venom Allergy State of the Art, Challenges, and Pers","PAPER - Matysiak et al. - 2022 - Diagnosis of Hymenoptera Venom Allergy State of the Art, Challenges, and Pers.md",179,0,15,441.5,582.0,744.35,690.0,1989,548.38,133239,400,40,22.35,66188,2.013,0.002381,1126.2,1126.2,0.0
recursive_chunking,RecursiveChunker,RC,"{""chunk_size"": 2000, ""chunk_overlap"": 200}",completed,"PAPER - Matysiak et al. - 2022 - Diagnosis of Hymenoptera Venom Allergy State of the Art, Challenges, and Pers","PAPER - Matysiak et al. - 2022 - Diagnosis of Hymenoptera Venom Allergy State of the Art, Challenges, and Pers.md",42,0,205,1480.5,1796.0,1596.79,1926.25,1989,480.99,67065,400,2,4.76,66188,1.013,0.000686,1126.2,1126.2,0.0
recursive_token_fallback_chunking,RecursiveTokenChunker,RTF,"{""chunk_size"": 500, ""chunk_overlap"": 75}",completed,"PAPER - Matysiak et al. - 2022 - Diagnosis of Hymenoptera Venom Allergy State of the Art, Challenges, and Pers","PAPER - Matysiak et al. - 2022 - Diagnosis of Hymenoptera Venom Allergy State of the Art, Challenges, and Pers.md",49,0,115,1134.0,1331.0,1427.76,1932.0,2505,589.37,69960,400,4,8.16,66188,1.057,0.049688,1126.2,1126.2,0.0
semantic_boundary_detection,SemanticBoundaryChunker,SBDC,"{""breakpoint_threshold_amount"": 80.0, ""buffer_size"": 1}",completed,"PAPER - Matysiak et al. - 2022 - Diagnosis of Hymenoptera Venom Allergy State of the Art, Challenges, and Pers","PAPER - Matysiak et al. - 2022 - Diagnosis of Hymenoptera Venom Allergy State of the Art, Challenges, and Pers.md",187,0,2,27.0,128.0,352.58,230.5,15337,1449.18,65933,400,174,93.05,66188,0.996,22.105268,2122.42,2103.06,-19.36
semantic_embedding_based_chunking,SemanticEmbeddingChunker,SEBC,"{""breakpoint_threshold_amount"": 80.0}",completed,"PAPER - Matysiak et al. - 2022 - Diagnosis of Hymenoptera Venom Allergy State of the Art, Challenges, and Pers","PAPER - Matysiak et al. - 2022 - Diagnosis of Hymenoptera Venom Allergy State of the Art, Challenges, and Pers.md",187,0,3,27.0,70.0,352.58,209.5,39224,2861.07,65933,400,178,95.19,66188,0.996,22.309609,1522.29,1529.49,7.21
semantic_similarity_threshold_chunking,SemanticSimilarityThresholdChunker,SSTC,"{""threshold"": 0.6}",completed,"PAPER - Matysiak et al. - 2022 - Diagnosis of Hymenoptera Venom Allergy State of the Art, Challenges, and Pers","PAPER - Matysiak et al. - 2022 - Diagnosis of Hymenoptera Venom Allergy State of the Art, Challenges, and Pers.md",875,0,3,16.0,27.0,74.69,113.0,704,95.13,65358,400,862,98.51,66188,0.987,10.020276,1556.88,1590.56,33.68
semantic_variance_adaptive_chunking,SemanticVarianceAdaptiveChunker,SVAC,"{""sensitivity"": 0.2, ""window_size"": 5}",completed,"PAPER - Matysiak et al. - 2022 - Diagnosis of Hymenoptera Venom Allergy State of the Art, Challenges, and Pers","PAPER - Matysiak et al. - 2022 - Diagnosis of Hymenoptera Venom Allergy State of the Art, Challenges, and Pers.md",137,0,7,73.0,282.0,482.45,671.0,3277,590.67,66096,400,88,64.23,66188,0.999,11.062639,2163.12,2184.48,21.36
sentence_based_chunking,SentenceBasedChunker,SBC,{},completed,"PAPER - Matysiak et al. - 2022 - Diagnosis of Hymenoptera Venom Allergy State of the Art, Challenges, and Pers","PAPER - Matysiak et al. - 2022 - Diagnosis of Hymenoptera Venom Allergy State of the Art, Challenges, and Pers.md",942,0,3,16.0,32.0,69.31,117.0,704,71.24,65291,400,940,99.79,66188,0.986,0.027562,1126.16,1126.17,0.0
sentence_group_chunking,SentenceGroupChunker,SGC,"{""sentences_per_chunk"": 10, ""overlap"": 2}",completed,"PAPER - Matysiak et al. - 2022 - Diagnosis of Hymenoptera Venom Allergy State of the Art, Challenges, and Pers","PAPER - Matysiak et al. - 2022 - Diagnosis of Hymenoptera Venom Allergy State of the Art, Challenges, and Pers.md",118,0,169,328.5,483.0,692.22,1125.0,1785,447.58,81682,400,45,38.14,66188,1.234,0.02951,1126.2,1126.2,0.0
sliding_window_token_chunking,SlidingWindowTokenChunker,SWC,"{""window_size"": 500, ""step_size"": 75}",completed,"PAPER - Matysiak et al. - 2022 - Diagnosis of Hymenoptera Venom Allergy State of the Art, Challenges, and Pers","PAPER - Matysiak et al. - 2022 - Diagnosis of Hymenoptera Venom Allergy State of the Art, Challenges, and Pers.md",243,0,178,1388.5,1841.0,1796.67,2168.0,2628,460.94,436592,400,2,0.82,66188,6.596,0.017216,1121.39,1121.39,0.0
topic_based_chunking,TopicBasedChunker,TBC,"{""distance_threshold"": 0.4}",completed,"PAPER - Matysiak et al. - 2022 - Diagnosis of Hymenoptera Venom Allergy State of the Art, Challenges, and Pers","PAPER - Matysiak et al. - 2022 - Diagnosis of Hymenoptera Venom Allergy State of the Art, Challenges, and Pers.md",915,0,2,15.0,30.0,71.37,113.0,704,81.74,65303,400,910,99.45,66188,0.987,0.766105,1912.09,1912.58,0.48
content_density_adaptive_chunking,ContentDensityAdaptiveChunker,CDAC,"{""base_chunk_size"": 1200}",completed,PAPER - Torres et al. - 2024 - Intranasal Versus Oral Treatments for Allergic Rhinitis A Systematic Review Wit,PAPER - Torres et al. - 2024 - Intranasal Versus Oral Treatments for Allergic Rhinitis A Systematic Review Wit.md,85,0,320,563.0,599.0,732.82,676.0,6878,719.9,62290,400,2,2.35,62436,0.998,0.061965,2121.43,2121.43,0.0
dynamic_token_size_chunking,DynamicTokenSizeChunker,DFC,"{""min_chunk_size"": 150, ""max_chunk_size"": 500}",completed,PAPER - Torres et al. - 2024 - Intranasal Versus Oral Treatments for Allergic Rhinitis A Systematic Review Wit,PAPER - Torres et al. - 2024 - Intranasal Versus Oral Treatments for Allergic Rhinitis A Systematic Review Wit.md,36,0,269,1464.25,1683.0,1733.17,1971.75,2810,481.12,62394,400,1,2.78,62436,0.999,0.010875,2121.43,2121.43,0.0
fixed_character_chunking,FixedCharacterChunker,FCC,"{""chunk_size"": 2000, ""overlap"": 200}",completed,PAPER - Torres et al. - 2024 - Intranasal Versus Oral Treatments for Allergic Rhinitis A Systematic Review Wit,PAPER - Torres et al. - 2024 - Intranasal Versus Oral Treatments for Allergic Rhinitis A Systematic Review Wit.md,35,0,1236,2000.0,2000.0,1977.94,2000.0,2000,127.24,69228,400,0,0.0,62436,1.109,0.000211,1081.5,1081.5,0.0
fixed_token_chunking,FixedTokenChunker,FC,"{""chunk_size"": 500, ""overlap"": 75}",completed,PAPER - Torres et al. - 2024 - Intranasal Versus Oral Treatments for Allergic Rhinitis A Systematic Review Wit,PAPER - Torres et al. - 2024 - Intranasal Versus Oral Treatments for Allergic Rhinitis A Systematic Review Wit.md,40,0,917,1601.5,1799.0,1833.92,1982.25,2790,433.67,73357,400,0,0.0,62436,1.175,0.010475,1120.29,1120.29,0.0
length_aware_chunking,LengthAwareChunker,LAC,"{""target_length"": 1800, ""tolerance"": 200}",completed,PAPER - Torres et al. - 2024 - Intranasal Versus Oral Treatments for Allergic Rhinitis A Systematic Review Wit,PAPER - Torres et al. - 2024 - Intranasal Versus Oral Treatments for Allergic Rhinitis A Systematic Review Wit.md,31,0,492,1822.5,1942.0,2011.1,1980.0,6878,931.82,62344,400,0,0.0,62436,0.999,0.010296,2183.05,2183.05,0.0
llm_boundary_detection_chunking,LLMBoundaryDetectionChunker,LBDC,"{""max_chars"": 2000, ""overlap"": 200}",completed,PAPER - Torres et al. - 2024 - Intranasal Versus Oral Treatments for Allergic Rhinitis A Systematic Review Wit,PAPER - Torres et al. - 2024 - Intranasal Versus Oral Treatments for Allergic Rhinitis A Systematic Review Wit.md,33,0,1244,2077.0,2117.0,2069.73,2165.0,2197,182.25,68301,400,0,0.0,62436,1.094,0.011807,2390.95,2390.95,0.0
llm_segment_then_chunk,LLMSegmentThenChunker,LSTC,"{""max_chars"": 2000, ""overlap"": 200, ""llm_refine_threshold"": 1500}",completed,PAPER - Torres et al. - 2024 - Intranasal Versus Oral Treatments for Allergic Rhinitis A Systematic Review Wit,PAPER - Torres et al. - 2024 - Intranasal Versus Oral Treatments for Allergic Rhinitis A Systematic Review Wit.md,368,0,14,61.0,88.5,246.72,316.25,2197,357.9,90794,400,299,81.25,62436,1.454,0.011529,2390.99,2390.99,0.0
overlapping_token_chunking,OverlappingTokenChunker,OFC,"{""chunk_size"": 500, ""overlap_size"": 75}",completed,PAPER - Torres et al. - 2024 - Intranasal Versus Oral Treatments for Allergic Rhinitis A Systematic Review Wit,PAPER - Torres et al. - 2024 - Intranasal Versus Oral Treatments for Allergic Rhinitis A Systematic Review Wit.md,40,0,917,1601.5,1799.0,1833.92,1982.25,2790,433.67,73357,400,0,0.0,62436,1.175,0.009562,1121.39,1121.39,0.0
paragraph_based_chunking,ParagraphBasedChunker,PBC,{},completed,PAPER - Torres et al. - 2024 - Intranasal Versus Oral Treatments for Allergic Rhinitis A Systematic Review Wit,PAPER - Torres et al. - 2024 - Intranasal Versus Oral Treatments for Allergic Rhinitis A Systematic Review Wit.md,364,0,4,24.0,43.0,169.5,154.0,4894,406.31,61699,400,326,89.56,62436,0.988,0.001211,1126.2,1126.2,0.0
paragraph_group_chunking,ParagraphGroupChunker,PGC,"{""paragraphs_per_chunk"": 2, ""overlap"": 1}",completed,PAPER - Torres et al. - 2024 - Intranasal Versus Oral Treatments for Allergic Rhinitis A Systematic Review Wit,PAPER - Torres et al. - 2024 - Intranasal Versus Oral Treatments for Allergic Rhinitis A Systematic Review Wit.md,364,0,14,61.0,87.5,340.96,379.0,8532,716.8,124108,400,277,76.1,62436,1.988,0.001536,1126.2,1126.2,0.0
parent_child_chunking,ParentChildChunker,PCC,"{""parent_chunk_size"": 2000, ""child_chunk_size"": 700, ""chunk_overlap"": 100}",completed,PAPER - Torres et al. - 2024 - Intranasal Versus Oral Treatments for Allergic Rhinitis A Systematic Review Wit,PAPER - Torres et al. - 2024 - Intranasal Versus Oral Treatments for Allergic Rhinitis A Systematic Review Wit.md,173,0,7,423.0,573.0,737.1,684.0,1997,553.74,127519,400,41,23.7,62436,2.042,0.002523,1126.2,1126.2,0.0
recursive_chunking,RecursiveChunker,RC,"{""chunk_size"": 2000, ""chunk_overlap"": 200}",completed,PAPER - Torres et al. - 2024 - Intranasal Versus Oral Treatments for Allergic Rhinitis A Systematic Review Wit,PAPER - Torres et al. - 2024 - Intranasal Versus Oral Treatments for Allergic Rhinitis A Systematic Review Wit.md,37,0,294,1596.0,1818.0,1733.27,1946.0,1997,311.07,64131,400,1,2.7,62436,1.027,0.000824,1126.2,1126.2,0.0
recursive_token_fallback_chunking,RecursiveTokenChunker,RTF,"{""chunk_size"": 500, ""chunk_overlap"": 75}",completed,PAPER - Torres et al. - 2024 - Intranasal Versus Oral Treatments for Allergic Rhinitis A Systematic Review Wit,PAPER - Torres et al. - 2024 - Intranasal Versus Oral Treatments for Allergic Rhinitis A Systematic Review Wit.md,43,0,399,1235.5,1455.0,1514.67,1765.0,2760,531.91,65131,400,1,2.33,62436,1.043,0.04204,1126.2,1126.2,0.0
semantic_boundary_detection,SemanticBoundaryChunker,SBDC,"{""breakpoint_threshold_amount"": 80.0, ""buffer_size"": 1}",completed,PAPER - Torres et al. - 2024 - Intranasal Versus Oral Treatments for Allergic Rhinitis A Systematic Review Wit,PAPER - Torres et al. - 2024 - Intranasal Versus Oral Treatments for Allergic Rhinitis A Systematic Review Wit.md,92,0,17,34.75,177.5,676.98,273.25,10076,1661.96,62282,400,74,80.43,62436,0.998,14.889612,2103.06,2121.43,18.36
semantic_embedding_based_chunking,SemanticEmbeddingChunker,SEBC,"{""breakpoint_threshold_amount"": 80.0}",completed,PAPER - Torres et al. - 2024 - Intranasal Versus Oral Treatments for Allergic Rhinitis A Systematic Review Wit,PAPER - Torres et al. - 2024 - Intranasal Versus Oral Treatments for Allergic Rhinitis A Systematic Review Wit.md,92,0,4,6.5,200.5,676.98,346.25,10099,1673.8,62282,400,69,75.0,62436,0.998,15.072552,1529.49,1488.65,-40.84
semantic_similarity_threshold_chunking,SemanticSimilarityThresholdChunker,SSTC,"{""threshold"": 0.6}",completed,PAPER - Torres et al. - 2024 - Intranasal Versus Oral Treatments for Allergic Rhinitis A Systematic Review Wit,PAPER - Torres et al. - 2024 - Intranasal Versus Oral Treatments for Allergic Rhinitis A Systematic Review Wit.md,405,0,4,35.0,83.0,153.01,154.0,8831,472.49,61970,400,383,94.57,62436,0.993,7.065711,1590.57,1558.86,-31.72
semantic_variance_adaptive_chunking,SemanticVarianceAdaptiveChunker,SVAC,"{""sensitivity"": 0.2, ""window_size"": 5}",completed,PAPER - Torres et al. - 2024 - Intranasal Versus Oral Treatments for Allergic Rhinitis A Systematic Review Wit,PAPER - Torres et al. - 2024 - Intranasal Versus Oral Treatments for Allergic Rhinitis A Systematic Review Wit.md,43,0,4,267.0,869.0,1449.58,1745.0,10170,1928.33,62332,400,15,34.88,62436,0.998,6.101399,2184.49,2183.05,-1.43
sentence_based_chunking,SentenceBasedChunker,SBC,{},completed,PAPER - Torres et al. - 2024 - Intranasal Versus Oral Treatments for Allergic Rhinitis A Systematic Review Wit,PAPER - Torres et al. - 2024 - Intranasal Versus Oral Treatments for Allergic Rhinitis A Systematic Review Wit.md,428,0,4,38.0,86.0,144.74,154.25,6878,377.67,61947,400,412,96.26,62436,0.992,0.010769,1126.17,1126.17,0.0
sentence_group_chunking,SentenceGroupChunker,SGC,"{""sentences_per_chunk"": 10, ""overlap"": 2}",completed,PAPER - Torres et al. - 2024 - Intranasal Versus Oral Treatments for Allergic Rhinitis A Systematic Review Wit,PAPER - Torres et al. - 2024 - Intranasal Versus Oral Treatments for Allergic Rhinitis A Systematic Review Wit.md,54,0,243,630.5,1046.0,1409.89,1647.0,10033,1493.26,76134,400,1,1.85,62436,1.219,0.011146,1126.2,1126.2,0.0
sliding_window_token_chunking,SlidingWindowTokenChunker,SWC,"{""window_size"": 500, ""step_size"": 75}",completed,PAPER - Torres et al. - 2024 - Intranasal Versus Oral Treatments for Allergic Rhinitis A Systematic Review Wit,PAPER - Torres et al. - 2024 - Intranasal Versus Oral Treatments for Allergic Rhinitis A Systematic Review Wit.md,227,0,144,1577.0,1789.0,1812.6,2034.0,2846,459.31,411460,400,2,0.88,62436,6.59,0.014369,1121.39,1121.39,0.0
topic_based_chunking,TopicBasedChunker,TBC,"{""distance_threshold"": 0.4}",completed,PAPER - Torres et al. - 2024 - Intranasal Versus Oral Treatments for Allergic Rhinitis A Systematic Review Wit,PAPER - Torres et al. - 2024 - Intranasal Versus Oral Treatments for Allergic Rhinitis A Systematic Review Wit.md,416,0,4,38.0,86.0,148.94,154.0,8831,461.97,61959,400,397,95.43,62436,0.992,0.413473,1912.58,1912.58,0.0
