specialty;sub-specialty
Medicine;Stroke and TIA
Medicine;Epilepsy and EEG
Medicine;Cerebrovascular
Medicine;Raised ICP and Brain death
Medicine;Brain Hemorrhage
Medicine;Channelopathies and Neuropathies
Medicine;Seizures and Epilepsy
Medicine;Cranial Nerve Disorders
Medicine;Tumors of Nervous System
Medicine;Intracranial Space Occupying Lesion
Medicine;Spinal Cord Diseases
Surgery;Nervous System
Surgery;CNS Tumors
Surgery;Cerebrovascular Diseases
Surgery;Head Injury
Surgery;Traumatic Brain Injury
Surgery;Central Nervous System Tumors
Surgery;Cerebrovascular Disorders
Surgery;Intracranial Dynamics
Surgery;Pediatric Neurosurgery
Surgery;Central Nervous System Infections
Pathology;Cerebrovascular Diseases
Pathology;Congenital Malformations and Perinatal Brain Injury
Anatomy;Spinal injuries
Anatomy;Meninges & Blood Vessels of the Brain
Anatomy;Development of nervous system and cerebrum
Pharmacology;Epilepsy
Physiology;Physiology of Pain
Physiology;Pain Physiology
Pediatrics;Epilepsy
Pediatrics;Congenital CNS malformations
Pediatrics;Seizures in Childhood and Conditions that Mimic Seizures
Pediatrics;Febrile seizures
Pediatrics;Neurocutaneous syndromes
Pediatrics;Hydrocephalus
Pediatrics;Congenital Anomalies of the CNS
Pediatrics;Raised intracranial tension
ENT;Acoustic Neuroma
ENT;Diseases of Inner Ear and Vestibular Schwannoma
ENT;Glomus
ENT;Nasopharyngeal Angiofibroma
Radiology;Neuroradiology
Radiology;Nervous System
Radiology;"Brain Imaging: Anatomy, Trauma, and Tumors"
Radiology;"Brain Imaging: Inflammatory, Infectious, and Vascular Diseases"
Radiology;Advanced Neurospinal Imaging
Radiology;Nervous system
Radiology;Imaging of Non-Traumatic Spinal Disorders
Anaesthesia;Peripheral Nerve Blocks
Anaesthesia;Anesthesia for Neurosurgery
Orthopaedics;Spinal Injuries
Orthopaedics;Pediatric orthopedics
Orthopaedics;Pediatric Ohopedics
Orthopaedics;Spinal injuries
Orthopaedics;TB of the Spine
Orthopaedics;Spinal Injury
Orthopaedics;Thoracic and Lumbosacral Spine Injuries
Orthopaedics;Pediatric Orthopedics
Orthopaedics;"Hip, Spine, Neck, and Shoulder Problems"
Orthopaedics;Deformities and the Management
Orthopaedics;Individual Cervical Vertebra Fracture of Interest
Orthopaedics;Injuries of Cervical Spine
Orthopaedics;Spinal Cord Injury
Orthopaedics;Whiplash Injury
Neurology;(sin sub-specialty)
Medicine;Eye
Anatomy;"Eye, Nose and Ear"
Anatomy;Orbit
Pharmacology;Parasympathetic System & Glaucoma
Physiology;Special Senses: Vision and its Elements
Ophthalmology;(sin sub-specialty)
Ophthalmology;Glaucoma
Ophthalmology;"Diseases of orbit, Lids and lacrimal apparatus"
Ophthalmology;Retina
Ophthalmology;Conjunctiva
Ophthalmology;Vitreous and retina
Ophthalmology;Cornea and sclera
Ophthalmology;Cornea
Ophthalmology;"Anatomy, Development and clinical examination"
Ophthalmology;Neuro-ophthalmology
Ophthalmology;Uveal tract
Ophthalmology;Ocular motility and squint
Ophthalmology;Tumors
Ophthalmology;Neuro Ophthalmology
Ophthalmology;Uveal Tract
Ophthalmology;Ocular trauma
Ophthalmology;Anatomy
Ophthalmology;Neuro-Ophthalmology
Ophthalmology;Acquired Cataract
Ophthalmology;Conjuctiva
Ophthalmology;Diseases of Cornea
Ophthalmology;Inflammations of the Cornea
Ophthalmology;Cataract
Ophthalmology;Ocular Embryology& Anatomy
Ophthalmology;Orbit
Ophthalmology;Squint
Ophthalmology;Inflammations of Conjunctiva - Infective
Ophthalmology;Ocular Motility
Ophthalmology;Ocular Trauma
Ophthalmology;Disorders of Conjunctiva
Ophthalmology;Diagnosis and Treatment of Retina
Ophthalmology;Investigation in ophthalmology and miscellaneous topics
Ophthalmology;Strabismus
Ophthalmology;"Vitreous Humour, Uveal Disorders"
Ophthalmology;Drugs
Ophthalmology;Techniques of Ocular Examination and Diagnostic Tests
Ophthalmology;Vascular Disorders
Ophthalmology;Community Ophthalmology
Ophthalmology;Inflammations of Conjunctiva - Allergic and Granulomatous
Ophthalmology;Lacrimal Apparatus and Eyelid Disorders
Ophthalmology;Nasolacrimal Disorders
Ophthalmology;Primary Open-Angle Glaucoma and Related Conditions
Ophthalmology;Surgical Techniques for Cataract Extraction
Ophthalmology;Retinal Detachment
Ophthalmology;Trauma
Ophthalmology;Uveitis
Ophthalmology;Intra Ocular Tumour
Ophthalmology;Lesions of the Visual Pathway
Ophthalmology;Primary Angle-Closure Glaucoma
Ophthalmology;Lacrimal Gland
Ophthalmology;Lid
Ophthalmology;Sclera
Ophthalmology;Optic Nerve
Ophthalmology;Orbit and Adnexa
Ophthalmology;Diseases of the Optic Nerve
Ophthalmology;Miscellaneous (Sclera)
Ophthalmology;"Proptosis, Enophthalmos, Developmental Anomalies"
Ophthalmology;Inflammatory Disorders
Ophthalmology;Degenerative Conditions
Ophthalmology;Ocular Manifestations
Ophthalmology;Orbital Disorders
Ophthalmology;Anomalies in the Position of Lashes and Lid Margin
Ophthalmology;Cataract Surgery
Ophthalmology;Dystrophies and Degenerations
Ophthalmology;Ectopia Lentis
Ophthalmology;Examination of the Eye
Ophthalmology;"General Considerations - Definition, Classification, Pathogenesis"
Ophthalmology;Pupillary Reflexes and their Abnormalities
Ophthalmology;Adverse Ocular Effects of Systemic Drugs
Ophthalmology;Congenital Glaucomas
Ophthalmology;Strabismus - Definition and Evaluation
Ophthalmology;Surgical Procedures For Glaucoma
Ophthalmology;Systemic Disease
Ophthalmology;Vitreous Haemorrhage Vitrectomy
Ophthalmology;Corneal Dystrophies
Ophthalmology;Displacements of the Lens
Ophthalmology;Ecstatic Conditions of Cornea
Ophthalmology;Refractive Surgery
Ophthalmology;Secondary Glaucomas
Ophthalmology;Vitreous
Ophthalmology;Age-Related Cataract
Ophthalmology;Congenital and Developmental Disorders
Ophthalmology;"Graves' Ophthalmopathy, Tumors, Fractures, and Surgery"
Ophthalmology;Oedema of Lids
Ophthalmology;Symptomatic Conditions
Ophthalmology;Symptomatic Disturbance of Vision
Ophthalmology;Abnormalities of Corneal Transparency
Ophthalmology;Immune-mediated scleritis
Ophthalmology;Orbital Inflammations
Ophthalmology;Symptomatic Disturbances of Vision
Ophthalmology;Traumatic Lesions
Ophthalmology;Congenital Anomalies
Ophthalmology;Congenital Cataract
Ophthalmology;Corneal Degenerations
Ophthalmology;Cysts and Tumors
Ophthalmology;Keratoplasty
Ophthalmology;Macular Disorders
Ophthalmology;Ocular Manifestations of Diseases of CNS
Ophthalmology;Spectacles and Contact Lenses
Ophthalmology;Tumors and Injuries
Ophthalmology;Vitreous Opacities
Medicine;Kidney Stones & Renal Tubular Acidosis
Medicine;Urinary Tract Infections and Interstitial Cystitis
Medicine;Nephrolithiasis
Surgery;Urology
Surgery;Urethra & Penis
Surgery;Kidney & Ureturs
Surgery;Testis & Scrotum
Surgery;Kidney and ureter
Surgery;Testis and scrotum
Surgery;Urethra and penis
Surgery;Prostate Cancer
Surgery;Prostate and seminal vesicles
Surgery;Urinary Tract
Surgery;Urolithiasis
Surgery;Miscellaneous (Urethra & Penis)
Surgery;Urinary bladder
Surgery;Prostate & Seminal Vesicles
Surgery;Miscellaneous (Kidney & Uterus)
Surgery;Urinary Bladder
Surgery;Bladder Cancer
Surgery;Miscellaneous (Testis & Scrotum)
Surgery;Testicular Cancer
Surgery;Male Reproductive Medicine and Sexual Dysfunction
Surgery;Benign Prostatic Hyperplasia
Surgery;Anatomy & Physiology (Testis & Scrotum)
Surgery;Anatomy (Urethra & Penis)
Surgery;Miscellaneous (Bladder)
Surgery;Anatomy (Kidney & Ureturs)
Surgery;Bladder Injuries
Surgery;Anatomy (Prostate & Seminal Vesicales)
Surgery;Genitourinary System
Pathology;Urinary tract
Pathology;Male Genital Tract
Pathology;Miscellaneous (Urinary Tract)
Pathology;Testicular Tumors
Pathology;Ovaries & prostate gland
Pathology;Wilms Tumor
Pathology;Urinary Bladder
Anatomy;Urology
Anatomy;Development of GU system and Neuro-vascular supply of pelvis & perineum
Anatomy;Male Genital System
Anatomy;Urinary tract
Anatomy;KUB & Adrenal Gland
Anatomy;Urogenital System
Anatomy;Male Sex Glands
Gynaecology & Obstetrics;Urogynecology
Gynaecology & Obstetrics;Urinary Fistulas
Gynaecology & Obstetrics;Genital Prolapse - various presentation of prolapse and management of urinary stress incontinence (I am hanging by my nails !)
Gynaecology & Obstetrics;Urinary System
Gynaecology & Obstetrics;Genitourinary Fistula
Gynaecology & Obstetrics;Renal and Urinary Tract Disorders
Physiology;Male Reproductive System
Physiology;Bladder and Micturition Physiology
Pediatrics;Urinary tract
Pediatrics;Urinary Tract
Pediatrics;Urinary Tract Infections
Pediatrics;Enuresis and Voiding Dysfunction
Pediatrics;Genitourinary System
Pediatrics;Obstruction of the Urinary Tract
Pediatrics;Vesicoureteral Reflux
Radiology;Genitourinary radiology
Radiology;Genito Urinary System
Radiology;Urogenital System
Radiology;CT and MRI of the Kidney
Radiology;Urography
Radiology;Urogenital system
Nephrology;(sin sub-specialty)
