strategy,type,abbreviation,status,doc_id,document_type,input_file,source_path,tokenizer_model,params,number_of_chunks,empty_chunks,tokens_min,tokens_p25,tokens_median,tokens_mean,tokens_p75,tokens_max,tokens_std,tokens_total,tokens_original,tokens_ratio,execution_time_seconds,ram_before_mb,ram_after_mb,ram_increase_mb
JSONChunking,HierarchicalJSONChunker,JC,completed,ficha_tecnica_FICHA TECNICA - BILAXTEN FLAS 20 MG COMPRIMIDOS BUCODISPERSABLES,ficha_tecnica,FICHA TECNICA - BILAXTEN FLAS 20 MG COMPRIMIDOS BUCODISPERSABLES.json,ficha_tecnica\FICHA TECNICA - BILAXTEN FLAS 20 MG COMPRIMIDOS BUCODISPERSABLES.json,BAAI/bge-m3,"{'target_tokens': 512, 'max_tokens': 8192}",17,0,14,85.0,239.0,625.18,674.0,2699,805.39,10628,11161,0.952,0.050379,770.75,770.89,0.13
JSONChunking,HierarchicalJSONChunker,JC,completed,ficha_tecnica_FICHA TECNICA - JEXT 300 microgramos SOLUCION INYECTABLE EN PLUMA PRECARGADA,ficha_tecnica,FICHA TECNICA - JEXT 300 microgramos SOLUCION INYECTABLE EN PLUMA PRECARGADA.json,ficha_tecnica\FICHA TECNICA - JEXT 300 microgramos SOLUCION INYECTABLE EN PLUMA PRECARGADA.json,BAAI/bge-m3,"{'target_tokens': 512, 'max_tokens': 8192}",20,0,14,45.25,224.5,289.2,450.25,967,278.24,5784,6311,0.916,0.03293,770.98,771.03,0.05
JSONChunking,HierarchicalJSONChunker,JC,completed,ficha_tecnica_FICHA TECNICA - MONTELUKAST CINFA 10 mg COMPRIMIDOS RECUBIERTOS CON PELICULA EFG,ficha_tecnica,FICHA TECNICA - MONTELUKAST CINFA 10 mg COMPRIMIDOS RECUBIERTOS CON PELICULA EFG.json,ficha_tecnica\FICHA TECNICA - MONTELUKAST CINFA 10 mg COMPRIMIDOS RECUBIERTOS CON PELICULA EFG.json,BAAI/bge-m3,"{'target_tokens': 512, 'max_tokens': 8192}",17,0,14,49.0,278.0,423.94,601.0,1763,450.58,7207,7681,0.938,0.031666,771.04,771.09,0.05
JSONChunking,HierarchicalJSONChunker,JC,completed,ficha_tecnica_FICHA TECNICA - NASONEX 50 MICROGRAMOS SUSPENSIÓN PARA PULVERIZACIÓN NASAL,ficha_tecnica,FICHA TECNICA - NASONEX 50 MICROGRAMOS SUSPENSIÓN PARA PULVERIZACIÓN NASAL.json,ficha_tecnica\FICHA TECNICA - NASONEX 50 MICROGRAMOS SUSPENSIÓN PARA PULVERIZACIÓN NASAL.json,BAAI/bge-m3,"{'target_tokens': 512, 'max_tokens': 8192}",17,0,10,107.0,180.0,427.65,519.0,1519,490.8,7270,7832,0.928,0.041014,771.09,771.16,0.07
JSONChunking,HierarchicalJSONChunker,JC,completed,ficha_tecnica_FICHA TECNICA - OLOPATADINA ABAMED 1 MG-ML COLIRIO EN SOLUCION,ficha_tecnica,FICHA TECNICA - OLOPATADINA ABAMED 1 MG-ML COLIRIO EN SOLUCION.json,ficha_tecnica\FICHA TECNICA - OLOPATADINA ABAMED 1 MG-ML COLIRIO EN SOLUCION.json,BAAI/bge-m3,"{'target_tokens': 512, 'max_tokens': 8192}",17,0,10,72.0,183.0,230.29,287.0,790,207.47,3915,4304,0.91,0.014794,771.16,771.18,0.02
JSONChunking,HierarchicalJSONChunker,JC,completed,guideline_GUIDELINE - Byrne et al. - 2025 - CARCSACI Practice Guidance for Contrast Media Hypersensitivity,guideline,GUIDELINE - Byrne et al. - 2025 - CARCSACI Practice Guidance for Contrast Media Hypersensitivity.json,guideline\GUIDELINE - Byrne et al. - 2025 - CARCSACI Practice Guidance for Contrast Media Hypersensitivity.json,BAAI/bge-m3,"{'target_tokens': 512, 'max_tokens': 8192}",81,0,19,28.0,80.0,169.21,180.0,980,213.66,13706,17334,0.791,0.078477,771.18,771.22,0.05
JSONChunking,HierarchicalJSONChunker,JC,completed,guideline_GUIDELINE - Cardona et al. - 2020 - World Allergy Organization Anaphylaxis Guidance 2020,guideline,GUIDELINE - Cardona et al. - 2020 - World Allergy Organization Anaphylaxis Guidance 2020.json,guideline\GUIDELINE - Cardona et al. - 2020 - World Allergy Organization Anaphylaxis Guidance 2020.json,BAAI/bge-m3,"{'target_tokens': 512, 'max_tokens': 8192}",113,0,15,45.0,60.0,134.37,95.0,1534,234.89,15184,20522,0.74,0.101931,771.25,771.28,0.03
JSONChunking,HierarchicalJSONChunker,JC,completed,guideline_GUIDELINE - Leech et al. - 2021 - BSACI 2021 guideline for the management of egg allergy,guideline,GUIDELINE - Leech et al. - 2021 - BSACI 2021 guideline for the management of egg allergy.json,guideline\GUIDELINE - Leech et al. - 2021 - BSACI 2021 guideline for the management of egg allergy.json,BAAI/bge-m3,"{'target_tokens': 512, 'max_tokens': 8192}",154,0,22,42.25,72.0,137.62,146.75,2425,250.85,21194,28448,0.745,0.116616,771.29,771.33,0.04
JSONChunking,HierarchicalJSONChunker,JC,completed,guideline_GUIDELINE - Leonardi et al. - 2019 - Management of ocular allergy,guideline,GUIDELINE - Leonardi et al. - 2019 - Management of ocular allergy.json,guideline\GUIDELINE - Leonardi et al. - 2019 - Management of ocular allergy.json,BAAI/bge-m3,"{'target_tokens': 512, 'max_tokens': 8192}",230,0,17,36.5,72.5,124.47,93.0,2688,268.0,28628,37413,0.765,0.161997,771.33,771.36,0.03
JSONChunking,HierarchicalJSONChunker,JC,completed,guideline_GUIDELINE - Russell et al. - 2023 - The Need for Required Stock Epinephrine in All Schools A Work Group Report,guideline,GUIDELINE - Russell et al. - 2023 - The Need for Required Stock Epinephrine in All Schools A Work Group Report.json,guideline\GUIDELINE - Russell et al. - 2023 - The Need for Required Stock Epinephrine in All Schools A Work Group Report.json,BAAI/bge-m3,"{'target_tokens': 512, 'max_tokens': 8192}",88,0,15,56.75,75.5,126.11,96.25,1037,176.92,11098,13940,0.796,0.069237,771.37,771.38,0.01
JSONChunking,HierarchicalJSONChunker,JC,completed,paper_PAPER - Kakumanu et al. - 2024 - Applying the dissemination and implementation sciences to allergy and immunol,paper,PAPER - Kakumanu et al. - 2024 - Applying the dissemination and implementation sciences to allergy and immunol.json,paper\PAPER - Kakumanu et al. - 2024 - Applying the dissemination and implementation sciences to allergy and immunol.json,BAAI/bge-m3,"{'target_tokens': 512, 'max_tokens': 8192}",31,0,27,38.5,48.0,152.65,288.0,806,177.2,4732,5758,0.822,0.043503,771.38,771.39,0.01
JSONChunking,HierarchicalJSONChunker,JC,completed,paper_PAPER - Leonardi et al. - 2024 - Allergic Conjunctivitis Management Update on Ophthalmic Solutions,paper,PAPER - Leonardi et al. - 2024 - Allergic Conjunctivitis Management Update on Ophthalmic Solutions.json,paper\PAPER - Leonardi et al. - 2024 - Allergic Conjunctivitis Management Update on Ophthalmic Solutions.json,BAAI/bge-m3,"{'target_tokens': 512, 'max_tokens': 8192}",62,0,23,41.25,51.0,110.9,63.25,1295,192.01,6876,8277,0.831,0.04742,771.39,771.39,0.0
JSONChunking,HierarchicalJSONChunker,JC,completed,paper_PAPER - Lieberman et al. - 2023 - Innovations in the treatment of anaphylaxis A review of recent data,paper,PAPER - Lieberman et al. - 2023 - Innovations in the treatment of anaphylaxis A review of recent data.json,paper\PAPER - Lieberman et al. - 2023 - Innovations in the treatment of anaphylaxis A review of recent data.json,BAAI/bge-m3,"{'target_tokens': 512, 'max_tokens': 8192}",52,0,9,47.25,59.0,114.46,122.75,697,127.41,5952,7308,0.814,0.049462,771.39,771.39,0.0
JSONChunking,HierarchicalJSONChunker,JC,completed,"paper_PAPER - Matysiak et al. - 2022 - Diagnosis of Hymenoptera Venom Allergy State of the Art, Challenges, and Pers",paper,"PAPER - Matysiak et al. - 2022 - Diagnosis of Hymenoptera Venom Allergy State of the Art, Challenges, and Pers.json","paper\PAPER - Matysiak et al. - 2022 - Diagnosis of Hymenoptera Venom Allergy State of the Art, Challenges, and Pers.json",BAAI/bge-m3,"{'target_tokens': 512, 'max_tokens': 8192}",55,0,9,46.0,51.0,65.15,58.0,413,62.0,3583,4644,0.772,0.025256,771.4,771.4,0.0
JSONChunking,HierarchicalJSONChunker,JC,completed,paper_PAPER - Torres et al. - 2024 - Intranasal Versus Oral Treatments for Allergic Rhinitis A Systematic Review Wit,paper,PAPER - Torres et al. - 2024 - Intranasal Versus Oral Treatments for Allergic Rhinitis A Systematic Review Wit.json,paper\PAPER - Torres et al. - 2024 - Intranasal Versus Oral Treatments for Allergic Rhinitis A Systematic Review Wit.json,BAAI/bge-m3,"{'target_tokens': 512, 'max_tokens': 8192}",69,0,33,42.0,67.0,138.3,113.0,1600,218.84,9543,10576,0.902,0.07522,771.4,771.41,0.01
